Name,Mobile Number,Review Count,Rating,Catagory,Address,Website,Email Id,PlusCode,Closing Hours,latitude,latitude,Instagram Profile,Facebook Profile,Linkedin Profile,Twitter Profile,Image Name,Images Folder
Car Parking for ENOC,,4 reviews,4.5,Parking lot in Dubai,3689+FH7 - Jumeirah Village - Dubai,,,,,25.066166100000004,55.2189267,,,,,Car_Parking_for_ENOC.png,C:\ProgramData\GMAPExtractor\temp\7f7a9cc7-207a-4d66-832f-081c5d0442c0
Maisan 15 Parking,,2 reviews,5.0,Parking lot in Dubai,36HW+P7J - Al Barsha - Al Barsha South - Dubai,,,,,25.079345399999998,55.2456287,,,,,maisan-15-parking.png,C:\ProgramData\GMAPExtractor\temp\fbcd2a4e-dfde-4242-8574-8327ec92ce5f
Free public Parking,,1 review,4.0,Public parking space in Dubai,463V+W8 - Dubai,,,,,25.1048404,55.243338099999995,,,,,free_public_parking.png,C:\ProgramData\GMAPExtractor\temp\47afb5ac-aa2c-400f-82bc-3a4bd32b6328
Public Parking,,5 reviews,4.6,Parking lot in Dubai,458W+7PX - Al Barsha - Al Barsha 1 - Dubai,,,,,25.115729200000004,55.1968542,,,,,public_parking.png,C:\ProgramData\GMAPExtractor\temp\bd84badf-5d58-4ce4-99aa-4b8d21e2433b
Miracle Garden Car Parking,,15 reviews,4.7,Parking lot in Dubai,365V+4MQ - Al Barsha - Al Barsha South - Dubai,,,,,25.0578342,55.244232,,,,,Miracle_Garden_Car_Parking.png,C:\ProgramData\GMAPExtractor\temp\6057bed9-cd28-4774-8fc6-db29538065dd
P 2 parking,,4 reviews,4.8,Parking garage in Dubai,34CJ+R2J - Jumeirah Beach Residence - Dubai,,,,,25.072080900000003,55.1300135,,,,,P2_parking.png,C:\ProgramData\GMAPExtractor\temp\6a425b0e-9d5e-4d98-bf8a-c0a7f776d78f
Parking,,2 reviews,4.0,Free parking lot in Dubai,35G2+HPF - Dubai,,,,,25.0764441,55.151811599999995,,,,,parking_image.png,C:\ProgramData\GMAPExtractor\temp\a6cd63e5-00f1-4da2-8652-7165ae348f90
Dubai Hills Mall Side Parking,43661688,449 reviews,4.5,Parking lot in Dubai,"Dubai Hills Mall, Dubai Hills Estate - Dubai",http://www.emaar.ae/,,,,25.1000651,55.2381953,,,,,dubai-hills-mall-side-parking.png,C:\ProgramData\GMAPExtractor\temp\f0417ae7-39f4-4dfe-9209-e449d8638370
Free Parking,,,,,369W+WG - Al Barsha - Al Barsha South - Dubai,,,,,25.0698129,55.2462745,,,,,free_parking.png,C:\ProgramData\GMAPExtractor\temp\55c74eea-a9ba-4244-b420-dc74208baafc
Dubai Hills Estate Business Park Car Parking,,3 reviews,3.7,Parking lot in Dubai,464Q+PWQ - Al Khail Rd - Al Quoz - Dubai,,,,,25.106835,55.2398506,,,,,dubai_hills_estate_business_park_car_parking.png,C:\ProgramData\GMAPExtractor\temp\ec20c797-c571-44bc-9a34-91cf1f44213a
D Parking,,7 reviews,4.0,Parking lot in Dubai,457V+X9V - Unnamed Road - Dubai,,,,,25.114993400000003,55.1934373,,,,,D_Parking.png,C:\ProgramData\GMAPExtractor\temp\3fb525e0-4ce9-43b3-b71b-72f6d36c5134
Free parking,,2 reviews,4.0,Free parking lot in Dubai,6788+CRH - Al Satwa - Dubai,,,,,25.2160653,55.2669784,,,,,free_parking.png,C:\ProgramData\GMAPExtractor\temp\adc14b44-7ea4-4884-8685-7ed81cff27cf
Dubai Hills mall Taxi parking,,4 reviews,4.5,Parking lot in Dubai,36XR+P4 - Dubai,,,,,25.0993657,55.240296199999996,,,,,dubai_hills_mall_taxi_parking.png,C:\ProgramData\GMAPExtractor\temp\bfb7a0da-3c79-48f5-8f78-26fcd094d584
Royal melody parking rental,554568083,30 reviews,5.0,Public parking space in Dubai,Al Sufouh - Dubai Internet City - Dubai,https://royalparking.ae/,,,,25.1009289,55.174034299999995,,,,,royal_melody_parking_rental.png,C:\ProgramData\GMAPExtractor\temp\b2ff4cd8-e07c-4bd9-acad-3810e0c1a355
Private Paid Parking - Barsha Heights Warsan tower,,1 review,4.0,Parking lot in Dubai,452H+FG6 - Al Barsha - Barsha Heights - Dubai,,,,,25.0758124,55.1474813,,,,,private_paid_parking_barsha_heights_warsan_tower.png,C:\ProgramData\GMAPExtractor\temp\3f2312b7-95cd-485e-8bf0-20a2c35279b8
Dubai Hills Mall - Valet/Drop Off 1,,55 reviews,4.8,Parking lot in Dubai,463Q+GPW - Dubai,,,,,25.101153399999998,55.1787571,,,,,Dubai_Hills_Mall_Valet_Drop_Off_1.png,C:\ProgramData\GMAPExtractor\temp\181237af-5452-4e9e-b155-d1514fffc4d5
King Salman Bin Abdulaziz Al Saud St Parking,,6 reviews,4.8,Parking lot in Dubai,34HP+2CV - King Salman Bin Abdulaziz Al Saud St - Dubai,,,,,25.103872799999998,55.2393156,,,,,King_Salman_Bin_Abdulaziz_Al_Saud_St_Parking.png,C:\ProgramData\GMAPExtractor\temp\5d0514b6-7bd2-4747-8cfe-ae4b260a785a
Parking Butterfly Garden Dubai,,7 reviews,4.3,Parking lot in Dubai,366W+P6P - Al Barsha - Al Barsha South - Dubai,,,,,25.077622599999998,55.1360391,,,,,parking_butterfly_garden_dubai.png,C:\ProgramData\GMAPExtractor\temp\42f088df-1554-4953-a051-45b02c55838f
Public parking,503455333,1 review,5.0,Public parking space in Dubai,35PJ+CPC - Dubai,,,,,25.061828799999997,55.2455905,,,,,public_parking.png,
Al Mustaqbal Street Parking,562928566,58 reviews,4.1,Parking lot in Dubai,67CQ+5R3 - Za'abeel - Za'abeel 2 - Dubai,http://www.dwtc.com/,,,,25.2203834,55.289549199999996,,,,,Al_Mustaqbal_Street_Parking.png,C:\ProgramData\GMAPExtractor\temp\0f478a64-ce6d-4da0-ab22-a8f3d9838fa6
Dubai Hills Estate Community Parking,,4 reviews,4.5,Parking lot in Dubai,463P+RX2 - Dubai,,,,,25.1045247,55.237395899999996,,,,,Dubai_Hills_Estate_Community_Parking.png,C:\ProgramData\GMAPExtractor\temp\b5f27fcf-6c9e-4eec-830f-43857e083792
Mediclinic Parkview Hospital Car Parking,,13 reviews,3.8,Parking garage in Dubai,368X+HGP - D63 - Al Barsha - Al Barsha South - Dubai,,,,,25.066459599999998,55.2487837,,,,,mediclinic_parkview_hospital_car_parking.png,C:\ProgramData\GMAPExtractor\temp\9729cf22-57e5-40e2-9a08-f694f6dc15e1
Dubai Hills Mall - Valet/Drop Off 4,,24 reviews,4.6,Parking lot in Dubai,462R+C3C Emirates Hills 2 - Umm Suqeim St - Dubai,,,,,25.100142899999998,55.2420633,,,,,Dubai_Hills_Mall_Valet_Drop_Off_4.png,C:\ProgramData\GMAPExtractor\temp\3e00183b-0aef-4a5a-87f0-408de400756e
Al Barsha 1 St Parking,46051414,2 reviews,5.0,Parking lot in Dubai,456V+QW9 - Al Barsha 1 - Al Barsha - Al Barsha 1 - Dubai,,,,,25.1119041,55.1948693,,,,,Al_Barsha_1_St_Parking.png,C:\ProgramData\GMAPExtractor\temp\26b27b6c-0669-4717-87a3-efaf6ee6d22f
Swiss Valet Parking Services LLC,553146466,168 reviews,4.9,Valet parking service in Dubai,Yes Business Tower Office No: 804 - Al Barsha 1 - Dubai,http://www.swissvaletparking.com/,,,,25.1364327,55.217088,https://www.instagram.com/swissvaletparking/,https://www.facebook.com/swissvaletparking/,https://www.linkedin.com/company/swiss-valet-parking-services,,Swiss_Valet_Parking_Services_LLC.png,C:\ProgramData\GMAPExtractor\temp\59e46c20-0155-4f26-a132-276515c743fe
Free parking Al maya supermarket,,11 reviews,4.2,Free parking lot in Dubai,34CP+7C9 - Dubai Marina - Dubai,,,,,25.1118486,55.2061223,,,,,free_parking_al_maya_supermarket.png,C:\ProgramData\GMAPExtractor\temp\a110a193-44f3-415d-b7fc-0a4170b98925
Dickens circus parking,,1 review,5.0,Parking garage in Dubai,Dickens Circus 1 - Dickens Circus - Motor City - Up Town Motor City - Dubai,,,,,25.070655,55.136101399999994,,,,,dickens_circus_parking.png,C:\ProgramData\GMAPExtractor\temp\0d311b82-c2d7-4aad-9c4b-720272ae5ad1
G+4 Dr.Issa Salim,,,,,367M+CC6 - Unnamed Road - Dubai,,,,,25.1279218,55.2116254,,,,,G_4_Dr_Issa_Salim.png,C:\ProgramData\GMAPExtractor\temp\258eb725-0a95-4931-b896-e0bf9f275222
GreenParking Vision Tower Bay Avenue Car Park,8007275464,8 reviews,4.4,Parking garage in Dubai,Business Bay - Dubai,http://www.greenparking.ae/,,,,25.0384991,55.1982096,,,,,GreenParking_Vision_Tower_Bay_Avenue_Car_Park.png,C:\ProgramData\GMAPExtractor\temp\2370d971-7822-4176-aa9d-d48036ca7135
Masjid Parking,,9 reviews,4.3,Parking lot in Dubai,35XG+2H3 - Barsha Heights - Dubai,,,,,25.0439877,55.246752199999996,,,,,masjid_parking.png,C:\ProgramData\GMAPExtractor\temp\07da0a03-ed66-437e-9920-02424435733d
Mosque Parking JVC,,3 reviews,4.3,Parking lot in Dubai,3664+5WG - قرية جميرا الدائرية - Jumeirah Village - Dubai,,,,,25.0635269,55.233468599999995,,,,,Mosque_Parking_JVC.png,C:\ProgramData\GMAPExtractor\temp\0aa1c349-8205-452d-9b20-20d71046d545
Me'aisem City Centre Parking,,13 reviews,4.4,Public parking space in Dubai,25QX+P5P - Dubai Production City - City Centre Meaisem - Dubai,,,,,25.1879734,55.2642038,,,,,Meaisem_City_Centre_Parking.png,C:\ProgramData\GMAPExtractor\temp\daec279b-d102-405b-aac9-2cf5f0e7335c
Street 44 Parking,,3 reviews,4.3,Parking lot in Dubai,454V+RF5 - Street 44 - Al Barsha - Al Barsha 1 - Dubai,,,,,25.0975084,55.1764321,,,,,street_44_parking.png,C:\ProgramData\GMAPExtractor\temp\63d912c8-1022-4809-9aa9-f31892abb914
Parking Garage,,1 review,4.0,Parking garage in Dubai,453C+8HP - Al Sufouh - Al Sufouh 2 - Dubai,,,,,25.060437699999998,55.207339399999995,,,,,parking_garage.png,C:\ProgramData\GMAPExtractor\temp\7902f9e3-2c58-42b9-bed2-f8d99c7e02e6
Parking lot,,2 reviews,5.0,Parking lot in Dubai,453J+9Q3 - Al Barsha - Al Barsha 1 - Dubai,,,,,25.0393313,55.197952799999996,,,,,parking_lot.png,
Dubai Hills Business Park - Open Parking,,1 review,4.0,Parking lot in Dubai,465R+FPC - Dubai,,,,,25.108677999999998,55.2417622,,,,,Dubai_Hills_Business_Park_Open_Parking.png,
GreenParking Business Central Towers Car Park,8007275464,10 reviews,2.1,Parking garage in Dubai,Business Central Towers - Al Sufouh - Al Sufouh 2 - Dubai,http://www.greenparking.ae/,,,,25.100595199999997,55.1692025,,,,,GreenParking_Business_Central_Towers_Car_Park.png,C:\ProgramData\GMAPExtractor\temp\348fcd14-35ba-43e2-8d98-53521e34c1be
AUD Parking Lot,,16 reviews,4.4,Parking lot in Dubai,35Q4+VM3 - شارع الأسد - Al Sufouh - Al Sufouh 2 - Dubai,,,,,25.0896313,55.1566726,,,,,AUD_Parking_Lot.png,C:\ProgramData\GMAPExtractor\temp\844b0a7a-c9a1-4b38-9ea4-583253ba136a
"Shop#6, City King Hotel Building, Near Khansaheb Parking, Baniyas square, Deira, Dubai. Nearest Metro Station ""Baniyas Square"" exit # 2.",,2 reviews,4.5,Parking lot in Dubai,4696+VQF Green Metro Line - Al Quoz - Al Quoz Industrial Area 3 - Dubai,,,,,25.1197078,55.2118967,,,,,Shop6_CityKingHotel_BaniyasSquare_Deira_Dubai.png,C:\ProgramData\GMAPExtractor\temp\f1e40d81-5f24-4669-9905-4372070f0c13
REEM AL SAHRA CAR PARKING RENTAL LLC.,581177865,6 reviews,4.0,Parking lot in Dubai,562H+34J - Al Quoz - Dubai,,,,,25.1502043,55.227765999999995,,,,,REEM_AL_SAHRA_CAR_PARKING_RENTAL_LLC.png,C:\ProgramData\GMAPExtractor\temp\e79981af-5fac-4549-9f7f-a8c78863e670
Car Parking Visitors,,1 review,5.0,Parking lot in Dubai,35V5+582 Al SufouhAl - Al Sufouh - Al Sufouh 2 - Dubai,,,,,25.135155599999997,55.217149899999995,,,,,car_parking_visitors.png,C:\ProgramData\GMAPExtractor\temp\42df4ba8-c848-45e7-8ece-1443ce05bdb3
Dubai Holding Extension Parking,,1 review,5.0,Parking lot in Dubai,38 27th St - Umm Suqeim - Umm Suqeim 3 - Dubai,,,,,25.0928942,55.158274899999995,,,,,dubai_holding_extension_parking.png,C:\ProgramData\GMAPExtractor\temp\6b9662dd-76ea-4436-894e-2745c2f0cb66
Grand Belle Vue Hotel Parking Entrance,44499444,14 reviews,4.2,Parking garage in Dubai,35VG+M94 - Barsha Heights - Dubai,,,,,25.1343914,55.190494699999995,,,,,grand_belle_vue_hotel_parking_entrance.png,C:\ProgramData\GMAPExtractor\temp\c8f6af22-e17b-400b-a5e1-35dc3e5fab3a
MUHAMMAD JAN CAR PARKING,,10 reviews,4.5,Parking lot in Dubai,78C3+6QJ - Deira - Dubai,,,,,25.0941296,55.1759892,,,,,MUHAMMAD_JAN_CAR_PARKING.png,C:\ProgramData\GMAPExtractor\temp\674072eb-377e-48f9-9793-730c29ab6110
Dubai Hills Park Parking,,1 review,3.0,Parking lot in Dubai,466X+HF3 - Dubai,,,,,25.270538,55.3044477,,,,,dubai_hills_park_parking.png,
Blue Waters Island Parking,,357 reviews,3.8,Parking lot in Dubai,34GF+QGM - Unnamed Road - Dubai,https://www.bluewatersdubai.ae/en/services,,,,25.111045299999997,55.249367299999996,,,,,Blue_Waters_Island_Parking.png,C:\ProgramData\GMAPExtractor\temp\d5e392e0-a7a9-4b46-a706-beca0d2dd9dd
Private Paid Car Parking,,1 review,4.0,Parking lot in Dubai,8 19 St - Trade Centre - Trade Centre 1 - Dubai,,,,,25.0769646,55.123798799999996,,,,,private_paid_car_parking.png,C:\ProgramData\GMAPExtractor\temp\0b81087a-35d0-4f60-94dc-b0944826e042
OIA Residence Underground Parking,,4 reviews,2.8,Parking garage in Dubai,26VV+4PP - Claverton St - Motor City - Up Town Motor City - Dubai,,,,,25.061219599999998,55.1796819,,,,,OIA_Residence_Underground_Parking.png,C:\ProgramData\GMAPExtractor\temp\01dcc8ee-a427-4cac-a978-e49de3f48d67
Car Park Deira,43960312,24 reviews,3.7,Parking garage in Dubai,779X+4M7 - 22nd Rd - Deira - Al Sabkha - Dubai,,,,,25.210766,55.273685,,,,,Car_Park_Deira.png,C:\ProgramData\GMAPExtractor\temp\4d42eb30-9603-4d8e-bc0d-edef18f5b40f
Parking Collective,,,,,468X+23F - Dubai,,,,,25.042847,55.2443165,,,,,ParkingCollective.png,
Parking line,,,,,35QF+CJ4 - 6th St - The Greens - Dubai,,,,,25.2677992,55.299183,,,,,parking_line.png,C:\ProgramData\GMAPExtractor\temp\2201cd76-3bc8-4e9d-98ab-ab44e214e507
Island car park rental,918756722587,7 reviews,2.3,Parking garage in Dubai,12 11a St - Deira - Al Sabkha - Dubai,,,,,25.114665799999997,55.2466429,,,,,island_car_park_rental.png,C:\ProgramData\GMAPExtractor\temp\36289db3-0066-4f2b-8a25-df642df73930
Princess Tower Parking Entrance,,36 reviews,4.0,Parking garage in Dubai,34QW+8RH - Dubai Marina - Dubai,,,,,25.088524699999997,55.1740867,,,,,princess_tower_parking_entrance.png,C:\ProgramData\GMAPExtractor\temp\40eece34-f8b1-4c08-a88f-7ff4058ba9f3
Red Resistance Parking,,1 review,2.0,Parking garage in Dubai,26RF+49H - Dubai Sports City - Dubai,,,,,25.040302099999998,55.2234972,,,,,red_resistance_parking.png,C:\ProgramData\GMAPExtractor\temp\ffa317fd-cd36-415f-819a-8fc43328188b
White Crown Parking,,5 reviews,5.0,Parking garage in Dubai,67FJ+8H2 - Trade Centre - Trade Centre 1 - Dubai,,,,,25.2232927,55.2814115,,,,,white_crown_parking.png,C:\ProgramData\GMAPExtractor\temp\65250592-85bb-4a19-85a2-af2d5a254213
Paid Parking Dubai Studio City,,,,,27V2+492 - Dubai Studio City - Dubai,,,,,25.2704416,55.3007043,,,,,paid_parking_dubai_studio_city.png,C:\ProgramData\GMAPExtractor\temp\b3f09489-8b46-4aaf-b683-f396846c57ad
Secure Parking Souk Madinat Jumeirah,,6 reviews,4.2,Parking lot in Dubai,45MP+9PJ Souk - Madinat Jumeirah - Al Sufouh 1 - Dubai,https://secureparkinguae.com/,,,,25.0427455,55.2509066,,,,,secure_parking_souk_madinat_jumeirah.png,C:\ProgramData\GMAPExtractor\temp\f6ca273b-4c0d-4680-9b83-7138edfc20fc
Shabab Al Freej car parking,557129660,2 reviews,5.0,Parking lot in Dubai,453C+8HP - Al Sufouh - Dubai Internet City - Dubai,,,,,25.133463,55.1867619,,,,,Shabab_Al_Freej_car_parking.png,C:\ProgramData\GMAPExtractor\temp\f91d4004-53b1-44fa-87c6-0ffd0883f972
Car parking,,2 reviews,4.0,Parking garage in Dubai,78C4+8W9 - Al Musalla Rd - Deira - Dubai,,,,,25.1033731,55.1713342,,,,,car_parking.png,C:\ProgramData\GMAPExtractor\temp\22c8ceb0-11ad-4269-8d1f-389789c5fdfc
JVC Masjid Parking,,1 review,5.0,Parking lot in Dubai,3635+2CW - JVC - Jumeirah Village - Dubai,,,,,25.0465701,55.2290668,,,,,JVC_Masjid_Parking.png,C:\ProgramData\GMAPExtractor\temp\1a9a1644-e184-4fbf-8399-442c61ee1ee5
Car Parking Lot,,11 reviews,4.5,Parking lot in Dubai,101 Omar Ibn Al Khattab Rd - Deira - Dubai,,,,,25.2707984,55.307348100000006,,,,,car_parking_lot.png,C:\ProgramData\GMAPExtractor\temp\2bcd91e0-de50-4af5-851c-c2a2e7943360
innovation hub parking,,3 reviews,1.7,Parking garage in Dubai,35X7+PP4 - Unnamed Road - Dubai,,,,,25.052607100000003,55.2085681,,,,,innovation_hub_parking.png,C:\ProgramData\GMAPExtractor\temp\07a22e25-486c-4e90-bddc-d3a333269c97
Parking area,,2 reviews,4.0,Parking lot in Dubai,16 2nd St - Deira - Al Murar - Dubai,,,,,25.2795114,55.3113361,,,,,parking_area.png,C:\ProgramData\GMAPExtractor\temp\387009e9-aa63-4d04-a682-895dc39d22a8
Paid Parking,,2 reviews,3.0,Public parking space in Dubai,57PM+52R - Business Bay - Dubai,,,,,25.0992624,55.1643179,,,,,paid_parking.png,C:\ProgramData\GMAPExtractor\temp\2811f988-8e64-4112-b3ae-1b1dfb67fa61
Up parking Motor City - Union properties,,9 reviews,1.0,Parking lot in Dubai,26WH+WHH - Motor City - Business Park Motor City - Dubai,,,,,25.275551600000004,55.3098606,,,,,up-parking-motor-city-union-properties.png,C:\ProgramData\GMAPExtractor\temp\d7154094-071e-459b-a6fc-83e387b4883b
RTA Parking Zone,558534111,2 reviews,2.5,Public parking space in Dubai,JLT Cluster S - Jumeirah Lake Towers - Dubai,,,,,25.1247351,55.201098699999996,,,,,RTA_Parking_Zone.png,C:\ProgramData\GMAPExtractor\temp\c7da2fb1-2149-48a0-ad1d-2ba2b2aa0049
Akon Car parking (Paid),508412164,,,,452H+348 - Al Barsha - Barsha Heights - Dubai,,,,,25.1854836,55.2825253,,,,,Akon_Car_parking_Paid.png,C:\ProgramData\GMAPExtractor\temp\64276539-6771-4077-82f3-16f2e3d5c079
Studio City Entrance Parking - DPAC,,2 reviews,2.5,Parking lot in Dubai,27V3+34C - Dubai Studio City - Dubai,,,,,25.045867299999998,55.229507299999995,,,,,StudioCityEntranceParking_DPAC.png,C:\ProgramData\GMAPExtractor\temp\af3fb228-0ee3-4624-aaf8-6f1b15458e74
RTA PAID CAR PARKING NEAR GOLD SOUK,8009090,24 reviews,3.8,Parking lot in Dubai,77FX+99X - Deira - Al Sabkha - Dubai,https://www.rta.ae/wps/portal/rta/ae/home/!ut/p/z1/04_Sj9CPykssy0xPLMnMz0vMAfIjo8zi_QwMTNwNTAx93EPNDAwcQ4MCA8O8gowNXMz1w_Wj9KNASgIMLTycDAx9DIxDnIBKAkO8Ai29PD0MjaEKDHAARwP94MQi_YLs7DRHR0VFAKlz70E!/dz/d5/L0lHSkovd0RNQUZrQUVnQSEhLzROVkUvYXI!/,,,,25.273497799999998,55.2984715,,,,,rta_paid_car_parking_near_gold_souk.png,C:\ProgramData\GMAPExtractor\temp\ca2daa8b-60d7-4332-93d3-1d6736c076db
Trade Centre Multi-Storey Car Park,,87 reviews,3.8,Multi-storey car park in Dubai,67CP+JRQ - Trade Centre - Trade Centre 2 - Dubai,http://www.dwtc.com/,,,,25.221582899999998,55.2870959,,,,,Trade_Centre_Multi-Storey_Car_Park.png,C:\ProgramData\GMAPExtractor\temp\d154890f-23e8-47e3-8a9e-6b120d2769aa
UGCP - Under Ground Car Parking,,2 reviews,5.0,Parking lot in Dubai,35V3+9VX - Al Sufouh - Al Sufouh 2 - Dubai,,,,,25.0934805,55.1547236,,,,,UGCP_Under_Ground_Car_Parking.png,C:\ProgramData\GMAPExtractor\temp\801ee0c2-87c9-4d65-9059-3e849570e762
RTA Parking TECOM,,2 reviews,5.0,Parking lot in Dubai,35WH+RXX - Barsha Heights - Dubai,,,,,25.1396084,55.217213099999995,,,,,RTA_Parking_TECOM.png,C:\ProgramData\GMAPExtractor\temp\4f5e18c2-9354-4c74-90d5-79f3f988fb4d
RTA Parking - Knowledge Village 3,,1 review,4.0,Parking lot in Dubai,Block 3 Al Bourooj St - Al Sufouh - Al Sufouh 2 - Dubai,,,,,25.0971177,55.17997030000001,,,,,RTA_Parking_Knowledge_Village_3.png,
Fraser Suites Parking,47772777,2 reviews,4.5,Parking garage in Dubai,Al Sufouh - Al Sufouh 1 - Dubai,https://www.frasershospitality.com/en/,,,,25.1045004,55.164278599999996,,,,,Fraser_Suites_Parking.png,C:\ProgramData\GMAPExtractor\temp\f49e197f-f183-4897-9564-a85ee51df551
Beach Parking,,7 reviews,4.4,Free parking lot in Dubai,56F9+X4Q - Umm Suqeim - Jumeirah 3 - Dubai,,,,,25.1079917,55.1781185,,,,,Beach_Parking.png,C:\ProgramData\GMAPExtractor\temp\9a767029-841a-4402-804c-2f04e590f133
RTA PARKING LOT,,,,,35VG+753 - Barsha Heights - Dubai,http://www.rta.ae/,,,,25.174953700000003,55.21788,,,,,rta_parking_lot.png,C:\ProgramData\GMAPExtractor\temp\23749c57-83fa-4922-be85-eebdf72b8bc1
"Azure Beach, Luigia and Black Tap Parking",503379570,4 reviews,4.5,Parking lot in Dubai,"34JP+3H8 - JBR Walk, Marine Towers - Dubai",https://azure-beach.com/,,,,25.1288734,55.2089958,,,,,azure_beach_luigia_black_tap_parking.png,C:\ProgramData\GMAPExtractor\temp\61797b9f-5b1f-4ba9-aa2e-cf704a792bcc
Al manar paid parking,568329749,2 reviews,5.0,Parking garage in Dubai,36 19B St - Al Mankhool - Dubai,,,,,25.0933267,55.175746999999994,,,,,al_manar_paid_parking.png,C:\ProgramData\GMAPExtractor\temp\85b72dcb-6d14-4532-9040-d06e53bcb807
باجيرو,,1 review,4.0,Parking lot in Dubai,"Dubai Production City, The Crescent, Tower 1 - Dubai Production City - Dubai",,,,,25.0801527,55.1364655,,,,,باجيرو.png,C:\ProgramData\GMAPExtractor\temp\69088f06-1798-4919-b3e2-0b49827ebe23
HPE Parking,,1 review,5.0,Parking lot in Dubai,35X7+PP3 - Unnamed Road - Dubai,,,,,25.2489976,55.297142199999996,,,,,HPE_Parking.png,C:\ProgramData\GMAPExtractor\temp\a2b4600c-d2c7-443a-9e8a-cf0395edcc03
"TSC Parking 4A (cluster 4, villas 1-45)",,10 reviews,4.8,Parking lot in Dubai,27JM+G4C - Al Waha - Dubai,,,,,25.033493699999998,55.202461199999995,,,,,TSC_Parking_4A_Cluster4_Villas1-45.png,C:\ProgramData\GMAPExtractor\temp\d3c5287e-1132-4475-b056-48efd049cace
Bluewaters Parking,,21 reviews,3.5,Parking lot in Dubai,34HC+JF5 - Unnamed Road - Bluewaters Island - Dubai,,,,,25.099271899999998,55.1642918,,,,,Bluewaters_Parking.png,C:\ProgramData\GMAPExtractor\temp\3d57f225-92ee-4d4d-b78b-f176bd628e99
Parking car Souk Madinat Jumeirah,,22 reviews,3.2,Parking lot in Dubai,45MP+FM6 - Al Sufouh 1 - Dubai,,,,,25.031305,55.2827755,,,,,parking_car_souk_madinat_jumeirah.png,C:\ProgramData\GMAPExtractor\temp\0dc30093-417d-4077-b83a-32101b9a6b09
RTA Parking,,3 reviews,5.0,Parking lot in Dubai,7855+P2W - Al Hamriya - Dubai,,,,,25.259355,55.3075723,,,,,RTA_Parking.png,C:\ProgramData\GMAPExtractor\temp\64778ce4-6a23-4b1e-ae50-bc8d2b8e2f66
SPINNEYS PARKING,,2 reviews,4.5,Parking garage in Dubai,27JM+R8F - Al Waha - Dubai,,,,,25.032321399999997,55.2830388,,,,,SPINNEYS_PARKING.png,
Al Sarayat St Parking,,,,,35H3+5MX - Al Sarayat St - Jumeirah Lake Towers - Dubai,,,,,25.258847799999998,55.292201299999995,,,,,Al_Sarayat_St_Parking.png,C:\ProgramData\GMAPExtractor\temp\5c5cdd19-8aa7-432f-a6cf-bda2008df391
3 Sheikh Zayed Rd Parking,,3 reviews,4.7,Parking lot in Dubai,3 Sheikh Zayed Rd - Dubai,,,,,25.077978899999998,55.1542296,,,,,3_Sheikh_Zayed_Rd_Parking.png,C:\ProgramData\GMAPExtractor\temp\337300cc-e42e-449e-8c8e-defe5fc6ea06
Greens Souk Parking,,2 reviews,3.0,Parking lot in Dubai,Street 7 - Dubai,,,,,25.229395399999998,55.28691980000001,,,,,greens_souk_parking.png,C:\ProgramData\GMAPExtractor\temp\27965731-2fde-4cfc-b7e1-63fb2b1ef28b
In5 Parking,45217448,3 reviews,2.3,Parking garage in Dubai,In5 Tech - Dubai,https://www.rta.ae/,,,,25.129237999999997,55.2094598,,,,,In5_Parking.png,C:\ProgramData\GMAPExtractor\temp\c443d503-81bb-457f-a3b0-829eef62c1b0
Media City Parking,,3 reviews,4.7,Parking lot in Dubai,35W3+PRM - Al Sufouh - Al Sufouh 2 - Dubai,,,,,25.093997899999998,55.168469699999996,,,,,media_city_parking.png,C:\ProgramData\GMAPExtractor\temp\09758d36-ab20-4f40-8397-2cf0532bb16f
Parking - EID,554445193,4 reviews,5.0,Parking lot in Dubai,35RQ+H66 - Al Barsha - Dubai,,,,,25.1072676,55.1649427,,,,,Parking-EID.png,C:\ProgramData\GMAPExtractor\temp\88730751-aad3-4bfd-912b-2a25c70c1d86
13Th St Parking,,3 reviews,4.7,Parking lot in Dubai,13Th St - Dubai,,,,,25.096847399999998,55.1545329,,,,,13th_St_Parking.png,C:\ProgramData\GMAPExtractor\temp\00665580-b1b4-4b15-b075-80e4baf1c9c4
Unique Parking Rental,,4 reviews,3.5,Parking lot in Dubai,67JJ+4XG - Al Satwa - Dubai,,,,,25.091403699999997,55.1880288,,,,,unique_parking_rental.png,C:\ProgramData\GMAPExtractor\temp\cff3202d-522e-4e08-8d57-47d9bf2ca797
"TSC Parking 2B & 3A (cluster 2, villas 46-90 & cluster 3, villas 1-45)",,11 reviews,4.4,Parking lot in Dubai,27JH+P8P - Unnamed Road - The Sustainable City - Dubai,,,,,25.219244699999997,55.288647999999995,,,,,TSC_Parking_2B_3A_Cluster2_Villas46-90_Cluster3_Villas1-45.png,C:\ProgramData\GMAPExtractor\temp\6edb0a0d-4718-45a5-971c-1e7973c10177
Mulberry 1 B2 basement parking,,,,,465W+8R4 - Dubai,,,,,25.1038364,55.205123400000005,,,,,Mulberry_1_B2_basement_parking.png,
Aquaventure waterpark - Parking (+shuttle),,21 reviews,4.5,Parking lot in Dubai,44G7+R9 - The Palm Jumeirah - Dubai,,,,,25.2303191,55.282456499999995,,,,,Aquaventure_waterpark_Parking_shuttle.png,C:\ProgramData\GMAPExtractor\temp\0a8e3295-2702-4e6e-9197-b4e992a55557
Spinneys 92 - Parking A,,1 review,5.0,Parking lot in Dubai,26WQ+2V5 - Motor City - Dubai,,,,,25.0318422,55.2783417,,,,,Spinneys92_ParkingA.png,
Mulberry 2 B2 basement parking,,,,,465X+WH9 - Mulberry - Dubai hills - Dubai,,,,,25.2647801,55.2902322,,,,,mulberry_2_b2_basement_parking.png,
Multi Storey Car park,,5 reviews,4.6,Parking lot in Dubai,D84 - Dubai,,,,,25.1080762,55.2473916,,,,,multi_storey_car_park.png,C:\ProgramData\GMAPExtractor\temp\a72ba53a-db3f-4b4d-bef0-8ae582a647d4
Za'abeel Plaza Parking,43893999,24 reviews,3.9,Parking lot in Dubai,Trade Centre - Trade Centre 2 - Dubai,http://www.dwtc.com/,,,,25.2240197,55.2894648,,,,,Zaabeel_Plaza_Parking.png,C:\ProgramData\GMAPExtractor\temp\bfbf66ba-af3f-4104-854b-f5ea2d17b22d
Car Park Building,,,,,35W4+4FJ - Al Sufouh - Al Sufouh 2 - Dubai,,,,,25.095367900000003,55.1561794,,,,,car_park_building.png,C:\ProgramData\GMAPExtractor\temp\cfcf2997-0175-472e-a556-36eafd0aea44
Parking Farid Car,552449552,2 reviews,4.5,Parking lot in Dubai,776X+63W - Al Fahidi - Dubai,,,,,25.2606289,55.297695399999995,,,,,parking_farid_car.png,C:\ProgramData\GMAPExtractor\temp\33382539-87b8-45d6-b381-e8a46a8d5d77
Parking Lot,,,,,Al Barsha Boutique Building - Al Barsha - Al Barsha 1 - Dubai,,,,,25.1072998,55.197646399999996,,,,,parking_lot.png,C:\ProgramData\GMAPExtractor\temp\76f1add3-0d36-4f05-8d76-64dfd1056706
Racecourse Parking Lot,,8 reviews,3.4,Parking lot in Dubai,35PM+GGQ - Jebel Ali Race Course Rd - Dubai,,,,,25.086349499999997,55.1838541,,,,,racecourse_parking_lot.png,
Cluster V Parking,,1 review,4.0,Parking lot in Dubai,35H2+497 - Cluster V - Jumeirah Lake Towers - Dubai,,,,,25.07779,55.1509323,,,,,ClusterV_Parking.png,C:\ProgramData\GMAPExtractor\temp\b01f2acb-4584-4047-9ae3-57d2e3b10c5f
Parking Area,,,,,68P5+4JV - Oud Metha - Dubai,,,,,25.1115966,55.1843614,,,,,parking_area.png,C:\ProgramData\GMAPExtractor\temp\8d3385a2-cab0-4111-8b23-e1ca1b82a293
Rta Parking,,,,,348P+7VM - Jumeirah Lake Towers - Dubai,,,,,25.2354113,55.3090334,,,,,rta_parking.png,C:\ProgramData\GMAPExtractor\temp\19dfde86-1c09-4578-bb3c-2224f1eb0647
FREE PARKING AREA,,1 review,5.0,Parking lot in Dubai,78R6+QHP - Dubai Islands - Front - Dubai,,,,,25.065718399999998,55.137161199999994,,,,,free_parking_area.png,C:\ProgramData\GMAPExtractor\temp\921be233-1dfc-419f-8148-506459f3f572
SYED Valet parking service,508815135,7 reviews,4.7,Valet parking service in Dubai,Alqoz 2 - Dubai,https://wa.me/message/V64FWS4VPVA5K1,,,,25.077943899999998,55.1542294,https://www.instagram.com/ab_e667,,,,SYED_Valet_Parking_Service.png,C:\ProgramData\GMAPExtractor\temp\12119157-94fa-4631-9f79-6eee84c6e375
Al Saada parking WTC pick-up point,,6 reviews,4.3,Free parking lot in Dubai,679Q+HGM - 13Th St - Za'abeel - Za'abeel 2 - Dubai,,,,,25.218960499999998,55.2887858,,,,,Al_Saada_parking_WTC_pick-up_point.png,C:\ProgramData\GMAPExtractor\temp\5857be0e-0d60-4b83-9b76-17c9777b0158
DMCC alot parking,,1 review,3.0,Parking lot in Dubai,35G2+997 - First Al Khail St - Dubai,,,,,25.0759002,55.1509175,,,,,DMCC_alot_parking.png,C:\ProgramData\GMAPExtractor\temp\bbd41f79-9d57-4696-96f9-c36702e64e30
D-PARKING-ZONE 318D,,3 reviews,4.7,Parking lot in Dubai,68V3+H95 - Al Karama - Dubai,,,,,25.243899499999998,55.3034697,,,,,D-PARKING-ZONE_318D.png,C:\ProgramData\GMAPExtractor\temp\869fe22f-93b4-40f3-a832-86fd289d41ad
Parking A - Global Village,,6 reviews,4.7,Parking lot in Dubai,3892+RCQ - Dubai,,,,,25.0695969,55.301099699999995,,,,,parking_a_global_village.png,C:\ProgramData\GMAPExtractor\temp\e1586e9f-bb8b-41ae-9310-ab46c0ce0bc8
Monalisa parking lot,,4 reviews,4.0,Parking lot in Dubai,48 25C St - Al Souq Al Kabeer - Dubai,,,,,25.2616555,55.2967607,,,,,monalisa_parking_lot.png,C:\ProgramData\GMAPExtractor\temp\77e0917f-6aa0-44ca-b38a-aaeba0b1cb8a
Car Parking Area,,,,,Al Wadi Building - Wan Group - Office No. 101 - 1/F Sheikh Zayed Rd - Dubai,,,,,25.2006521,55.2665922,,,,,car_parking_area.png,C:\ProgramData\GMAPExtractor\temp\47babbe5-f9e6-4755-9e65-574370362d58
Yalla parking criss,,,,,26VX+3J - Dubai Studio City - Dubai,,,,,25.0426364,55.2490986,,,,,yalla_parking_criss.png,C:\ProgramData\GMAPExtractor\temp\fdef5ff7-4ce2-44cd-aea9-f84290f8c61e
Maze Parking Lot,,3 reviews,3.0,Parking lot in Dubai,678J+32M - Trade Centre - DIFC - Dubai,,,,,25.215220799999997,55.2800381,,,,,maze_parking_lot.png,C:\ProgramData\GMAPExtractor\temp\826e914d-0013-4df8-87b7-92de427b3347
parking,,1 review,5.0,Parking lot in Dubai,777R+JHC - Al Fahidi - Dubai,,,,,25.2640514,55.291376,,,,,parking.png,C:\ProgramData\GMAPExtractor\temp\6afd78c8-f5ff-40cc-afd3-973c3888b988
CAR PARK-ZONE D,,3 reviews,3.0,Parking lot in Dubai,564H+MXJ - Al Quoz - Dubai,,,,,25.0807413,55.151561,,,,,CAR_PARK-ZONE_D.png,C:\ProgramData\GMAPExtractor\temp\0783db4c-d872-40b5-8507-2efedb24b391
Karama Parking,,4 reviews,3.8,Parking lot in Dubai,68W6+XCF - 26th St - Al Karama - Dubai,,,,,25.124998899999998,55.2033595,,,,,Karama_Parking.png,C:\ProgramData\GMAPExtractor\temp\edc0a7c5-bf2f-4bef-8c4e-5c3cfdd795ad
Dubai International Academy - Parking,,20 reviews,3.6,Parking lot in Dubai,35HH+8QJ - Emirates Hills - Dubai,,,,,25.0941704,55.1662226,,,,,Dubai_International_Academy_Parking.png,C:\ProgramData\GMAPExtractor\temp\5a5898c6-25b7-43d2-8b4b-223d6b3ab4d5
Splendid Valet Parking Services LLC,564444820,7 reviews,5.0,Valet parking service in Dubai,Yes Business Tower - Al Barsha - Dubai,https://splendidsvp.com/,,,,25.1567012,55.2299035,,,,,splendid_valet_parking_services_llc.png,C:\ProgramData\GMAPExtractor\temp\3152e48b-aebf-4494-ab71-dec629b9662d
Al Falak St Parking,42844444,,,,35W7+34V - Al Falak St - Al Sufouh - Al Sufouh 2 - Dubai,,,,,25.2474422,55.3110552,,,,,Al_Falak_St_Parking.png,C:\ProgramData\GMAPExtractor\temp\f59442ee-90ec-4d11-a504-3c7c563c915f
Al Barsha Traffic Department parking,,23 reviews,3.8,Parking lot in Dubai,773 Sheikh Zayed Rd - Al Quoz - Al Quoz Industrial Area 3 - Dubai,,,,,25.246521899999998,55.3042102,,,,,Al_Barsha_Traffic_Department_parking.png,C:\ProgramData\GMAPExtractor\temp\a8ad90a8-b4ee-4766-9860-c689c0bacc00
RTA parking D Zone (318D),,1 review,5.0,Parking lot in Dubai,Al Mana Bldg - near Bur Dubai Taxi Stand - Al Karama - Dubai,,,,,25.1233616,55.2054322,,,,,RTA_parking_D_Zone_318D.png,C:\ProgramData\GMAPExtractor\temp\192b84bc-3dfa-483f-859b-2137f01b356e
Multi level parking,,8 reviews,4.5,Parking lot in Dubai,23 18th St - Deira - Al Rigga - Dubai,,,,,25.248797699999997,55.303869899999995,,,,,multi_level_parking.png,C:\ProgramData\GMAPExtractor\temp\b15ef46d-3861-48f4-8046-a84ee33319fd
2 2nd St Parking,,1 review,5.0,Parking lot in Dubai,2 2nd St - Deira - Dubai,,,,,25.2676369,55.3071549,,,,,2ndStParking.png,C:\ProgramData\GMAPExtractor\temp\598ef349-2141-4c67-b531-4da473b3f5ae
RTA PARKING ZONE-364C,,2 reviews,4.5,Parking lot in Dubai,562G+FVV - Al Quoz - Dubai,,,,,25.2777827,55.307162899999994,,,,,RTA_PARKING_ZONE-364C.png,C:\ProgramData\GMAPExtractor\temp\70e42675-3b8d-4436-a2bb-ee4f2926ea72
Parc Fermé M.E.,48841116,,,Storage facility in Dubai,Crown Compound - 26th St - Al Quoz - Al Quoz Industrial Area 4 - Dubai,http://parcferme.me/,,,Monday 9 AM–7 PM Tuesday 9 AM–7 PM Wednesday 9 AM–7 PM Thursday 9 AM–7 PM Friday 9 AM–7 PM Saturday 9 AM–1 PM Sunday Closed,25.151246399999998,55.227173699999994,https://www.instagram.com/parcfermehq/,https://www.facebook.com/ParcFerme.ME/,,,Parc_Fermé_M.E..png,C:\ProgramData\GMAPExtractor\temp\1bc3911e-9781-4b23-ac0f-9e5665c56718
Parking garage gold souk,,29 reviews,3.7,Parking lot in Dubai,778W+VQV - St - Deira - Al Souq Al Kabeer - Dubai,,,,,25.107309599999997,55.23053230000001,,,,,parking_garage_gold_souk.png,C:\ProgramData\GMAPExtractor\temp\4544faa3-5872-4fcf-8864-35b3a7a23e3b
Car print,,,,,16 9B Street - Al Quoz - Dubai,,,,,25.092299999999998,55.1596706,,,,,car_print.png,
MOHAMMAD ZAHIR CAR PARK,558320027,2 reviews,3.0,Parking lot in Dubai,Bur Dubai - 11 10B St - Al Mankhool - Dubai,,,,,25.2672499,55.296932,,,,,mohammad_zahir_car_park.png,C:\ProgramData\GMAPExtractor\temp\8c765b43-36aa-47d6-958d-2be04fb86b8c
Community Park-Parking Lot,,1 review,5.0,Parking lot in Dubai,1 57A St - Al Jaffiliya - Dubai,,,,,25.2535939,55.2889741,,,,,CommunityPark_ParkingLot.png,C:\ProgramData\GMAPExtractor\temp\bf01692a-5bca-4379-8648-85d04cb17b08
Mohammad Alblgoshi Car Parking LLC,508415196,3 reviews,3.7,Parking lot in Dubai,13 Street 12A - Naif - Dubai,,,,,25.124753,55.2018832,,,,,mohammad_alblgoshi_car_parking_llc.png,C:\ProgramData\GMAPExtractor\temp\6ca62785-90ac-423e-bdd7-6f0378146d6f
Neighbourhood Food Hall Overflow Parking (NFH Overflow Parking),558569696,1 review,5.0,Public parking space in Dubai,"Detroit Rd - opposite Green Community, Motor city - Motor City - Dubai",http://www.neighbourhoodfoodhall.com/,,,,25.1259451,55.1984359,,,,,NFH_Overflow_Parking.png,C:\ProgramData\GMAPExtractor\temp\c32508eb-10b9-4942-b013-9b77ada90e51
Car Parkig,,2 reviews,5.0,Parking lot in Dubai,21 30c St - Deira - Al Sabkha - Dubai,,,,,25.1457905,55.2319441,,,,,Car_Parking.png,C:\ProgramData\GMAPExtractor\temp\ff190f9d-2818-4564-a500-e69284d1994a
Rose Dr Parking,48852222,2 reviews,5.0,Parking lot in Dubai,2537+HCC Rose Dr - Green Community Village - Dubai,,,,,25.2537962,55.296492699999995,,,,,Rose_Dr_Parking.png,C:\ProgramData\GMAPExtractor\temp\9a270213-1c28-44b5-840f-21406be94aab
Parking Near Blue Tower,,1 review,5.0,Parking lot in Dubai,67FJ+46W - Unnamed Road Dubai - Dubai,,,,,25.1277451,55.1958493,,,,,parking_near_blue_tower.png,C:\ProgramData\GMAPExtractor\temp\48c98d58-e201-49cc-a3d0-40994c5bea23
Mazaya Parking Area,,4 reviews,3.8,Parking lot in Dubai,4207 First Al Khail St - Jumeirah Lake Towers - Dubai,,,,,25.2228654,55.2805846,,,,,mazaya_parking_area.png,C:\ProgramData\GMAPExtractor\temp\c1e8da0f-1d92-4fc4-b841-3d51538177f3
RTA D Parking(Zone 373D),,,,,455X+H44 - Al Barsha - Al Barsha 1 - Dubai,,,,,25.0680706,55.1454818,,,,,RTA_D_Parking_Zone_373D.png,C:\ProgramData\GMAPExtractor\temp\6e206369-097f-48f6-a4a6-d17feba4afee
Al A'Amal St Parking,,6 reviews,3.7,Parking lot in Dubai,57R8+3R5 - Al A'amal St - Business Bay - Dubai,,,,,25.1091597,55.1983749,,,,,Al_AAmal_St_Parking.png,C:\ProgramData\GMAPExtractor\temp\9ee23e6a-0d25-438c-ad28-545a144f28c6
Monorail Parking Building entrance,,114 reviews,4.3,Parking garage in Dubai,11 King Salman Bin Abdulaziz Al Saud St - Al Sufouh - Dubai,https://www.palmmonorail.com/?utm_source=GMBlisting&utm_medium=organic&utm_campaign=gmb,,,,25.190139499999997,55.267103199999994,,,,,monorail_parking_building_entrance.png,C:\ProgramData\GMAPExtractor\temp\4956e85e-e7bb-4e04-8a4f-5458acf1539f
Secure Parking M-Square,,1 review,3.0,Parking lot in Dubai,Obaidullah Building - 11B St - Al Mankhool - Dubai,https://secureparkinguae.com/,,,,25.1007204,55.155622199999996,,,,,secure_parking_m_square.png,C:\ProgramData\GMAPExtractor\temp\a67273af-e850-45b9-b18f-ad8f234df8cd
RTA Paid Car Parking,,3 reviews,3.0,Parking lot in Dubai,68X6+2FX - Al Karama - Dubai,,,,,25.2502222,55.299944399999994,,,,,RTA_Paid_Car_Parking.png,C:\ProgramData\GMAPExtractor\temp\a23a3ac1-25f6-4bc3-bd9a-f127a3abd6aa
Taxi Parking,,45 reviews,4.0,Parking lot in Dubai,Global Village القرية العالمية - Dubai,https://globalvillage.ae/,,,,25.1261078,55.2052762,,,,,taxi_parking.png,C:\ProgramData\GMAPExtractor\temp\841a7c25-2096-4726-b495-bc89ce64aa6f
Secure Parking Onyx Tower,,,,,35W9+MW2 - 1st St - The Greens - Dubai,https://secureparkinguae.com/,,,,25.1267489,55.1972789,,,,,secure_parking_onyx_tower.png,C:\ProgramData\GMAPExtractor\temp\a090e6d6-5e73-49ea-b951-a13a73c8731a
Ramada Public Paid Parking,,2 reviews,4.5,Parking lot in Dubai,38 2B St - Al Hudaiba - Dubai,,,,,25.247607799999997,55.311237899999995,,,,,Ramada_Public_Paid_Parking.png,C:\ProgramData\GMAPExtractor\temp\d3fb9e3c-8078-4c74-a0de-5468c2a45c17
RTA Car parking,506263251,,,,19 3B St - Al Karama - Dubai,,,,,25.0726603,55.306740700000006,,,,,RTA_Car_parking.png,C:\ProgramData\GMAPExtractor\temp\b84f0a15-1438-46ca-a622-9bf7b5822071
Al Mustaqbal St Garage,600541006,2 reviews,3.0,Parking lot in Dubai,677J+CHV - Al Mustaqbal St - Trade Centre - DIFC - Dubai,,,,,25.096638199999997,55.1697742,,,,,Al_Mustaqbal_St_Garage.png,C:\ProgramData\GMAPExtractor\temp\ddf65e6a-4b3b-40df-9070-c30146b469bb
318D PARKING,,1 review,4.0,Parking lot in Dubai,68R2+XH9 - Al Karama - Dubai,,,,,25.2424023,55.301470599999995,,,,,318D_PARKING.png,C:\ProgramData\GMAPExtractor\temp\3ced94b8-99da-40f7-b446-7e47bf6d530a
Vida Residence - Residents Bsment Parking,,,,,35H5+M92 - Al Naseem St - Emirates Hills 2 - Dubai,,,,,25.0791273,55.158400900000004,,,,,Vida_Residence_Residents_Bsment_Parking.png,C:\ProgramData\GMAPExtractor\temp\cf963ee9-de30-49b8-a8a5-a1f8382c87d0
Al Bourooj St Parking,,,,,4536+24H - Al Bourooj St - Al Sufouh - Al Sufouh 2 - Dubai,,,,,25.116134199999998,55.1369983,,,,,Al_Bourooj_St_Parking.png,C:\ProgramData\GMAPExtractor\temp\3715f034-34f3-4b82-a54c-d538a24d957d
Samarra Car Parking,507923917,4 reviews,4.3,Valet parking service in Dubai,Al Satwa - Dubai,,,,,25.102570099999998,55.160360399999995,,,,,samarra_car_parking.png,C:\ProgramData\GMAPExtractor\temp\2e617c1b-c4f6-4e08-9ccb-ce1f4cb7e3ab
WJ Groundwater Parking,,1 review,5.0,Free parking lot in Dubai,Dubai Investment Park - 1 - Dubai,,,,,25.2299687,55.2702531,,,,,WJ_Groundwater_Parking.png,
Car parking place,,2 reviews,4.0,Public parking space in Dubai,9b Al Maktoum Rd - Deira - Al Rigga - Dubai,,,,,25.0039081,55.1531312,,,,,car_parking_place.png,C:\ProgramData\GMAPExtractor\temp\2f290dbd-085b-4aab-9aa9-a7f3cbf1be54
Al Wasl Car Parking Rental,,9 reviews,4.1,Parking lot in Dubai,Al Barsha 1 - Dubai,,,,,25.0875158,55.1535934,,,,,Al_Wasl_Car_Parking_Rental.png,C:\ProgramData\GMAPExtractor\temp\2d81819b-b40b-46bc-a339-8058ce25af78
Car Parking. ( RTA - 317D),,2 reviews,4.0,Parking lot in Dubai,7 16A St - Al Raffa - Dubai,,,,,25.2674621,55.308749,,,,,Car_Parking_RTA-317D.png,C:\ProgramData\GMAPExtractor\temp\21e5b8af-61c2-43ab-8cf0-6b64490120de
Parking lot 10 aed/hr,,5 reviews,1.4,Parking lot in Dubai,11 52nd St - Al Fahidi - Dubai,,,,,25.1028675,55.170939600000004,,,,,parking_lot_10_aed_hr.png,C:\ProgramData\GMAPExtractor\temp\40733a9f-863c-41bd-b163-1a0f3ab795c9
Bike parking lot,,,,,4549+GM3 - Abdullah Omran Taryam St - Al Sufouh - Dubai Internet City - Dubai,,,,,25.115598,55.2038831,,,,,bike_parking_lot.png,C:\ProgramData\GMAPExtractor\temp\7fa26c63-3959-4e65-89fd-6127d525c0bd
Paid Car Parking,,2 reviews,5.0,Public parking space in Dubai,132 Khalid Bin Al Waleed Rd - Al Hamriya - Dubai,,,,,25.2627207,55.294198800000004,,,,,paid_car_parking.png,C:\ProgramData\GMAPExtractor\temp\b6a1c102-4007-4c0e-92f7-330fb51d7279
Street 4 Parking,,,,,24VQ+9JX - Street 4 - Jebel Ali Village - Discovery Gardens - Dubai,,,,,25.0716881,55.144549999999995,,,,,street_4_parking.png,
RTA 'D' Parking - Choitrams,,1 review,4.0,Parking lot in Dubai,17 8A St - Al Karama - Dubai,,,,,25.1783438,55.2468371,,,,,RTA_D_Parking_Choitrams.png,C:\ProgramData\GMAPExtractor\temp\003f0727-1083-47e6-8556-45bd194eec64
C Sustainability Public Car Parking,,8 reviews,4.4,Parking lot in Dubai,X523+PPP - Dubai,,,,,24.9518383,55.1543157,,,,,C_Sustainability_Public_Car_Parking.png,C:\ProgramData\GMAPExtractor\temp\c4a002ee-8cf8-4bb9-8aa2-043a7dcbd840
Taxi only Parking (Burj Al Arab & Wild Wadi),,1 review,5.0,Free parking lot in Dubai,45QQ+CPC - Wild Wadi Service Rd - Umm Suqeim - Umm Suqeim 3 - Dubai,,,,,25.1385541,55.1892669,,,,,TaxiOnlyParking_BurjAlArab_WildWadi.png,C:\ProgramData\GMAPExtractor\temp\97060c57-a4f0-41af-a9e7-7f42563321a0
University Of Wollongong Parking Entrance,,7 reviews,4.9,Parking lot in Dubai,Block 9 - Al Sufouh - Dubai Knowledge Park - Dubai,,,,,25.101129000000004,55.162125599999996,,,,,University_Of_Wollongong_Parking_Entrance.png,C:\ProgramData\GMAPExtractor\temp\a20d52ff-a303-44f4-9621-d376d17f1a45
Discovery Gardens Building 158 Parking 01,,,,,24QX+866 - Jebel Ali Village - Discovery Gardens - Dubai,,,,,25.038298899999997,55.1480173,,,,,Discovery_Gardens_Building_158_Parking_01.png,
RTA D Parking,,1 review,4.0,Public parking space in Dubai,62 31B Street - Al Karama - Dubai,,,,,25.241741299999997,55.3050371,,,,,RTA_D_Parking.png,C:\ProgramData\GMAPExtractor\temp\c92e3ef0-6197-4c60-a2c6-1012281c71eb
Parking 368D,,,,,"Gold and Diamond Park, Building 7 - Rm. 106 - Dubai",,,,,25.1246741,55.2085522,,,,,Parking_368D.png,C:\ProgramData\GMAPExtractor\temp\66f02cc3-c972-4fcf-90b7-118cceb3a08c
17 50 B St Parking,42844444,2 reviews,2.5,Parking lot in Dubai,17 50B St - Al Fahidi - Dubai,,,,,25.261877199999997,55.296780299999995,,,,,17_50_B_St_Parking.png,C:\ProgramData\GMAPExtractor\temp\7f9fdba8-076d-4d50-bd68-2ef3f5a4c0ba
On the Spot Parking,,3 reviews,2.0,Parking lot in Dubai,28 41st St - Al Fahidi - Dubai,,,,,25.2592665,55.2975141,,,,,OnTheSpotParking.png,C:\ProgramData\GMAPExtractor\temp\8c3a1832-9331-48b9-b224-c7bcbbbda4ef
RTA C parking,,2 reviews,4.5,Parking lot in Dubai,56 33B St - Al Karama - Dubai,,,,,25.2014583,55.2718815,,,,,RTA_C_parking.png,C:\ProgramData\GMAPExtractor\temp\b6b3ac8c-114b-46cf-8078-db30407bb227
RTA C Parking,524626187,1 review,5.0,Parking lot in Dubai,62 18B St - Al Karama - Dubai,,,,,25.241350999999998,55.3044771,,,,,RTA_C_Parking.png,C:\ProgramData\GMAPExtractor\temp\301f4216-8db2-41fa-a9b9-1df068994b6e
Al Ghazal Car Parking,504409435,1 review,1.0,Public parking space in Dubai,15 34th St - Al Fahidi - Dubai,,,,,25.2405944,55.3040798,,,,,Al_Ghazal_Car_Parking.png,C:\ProgramData\GMAPExtractor\temp\44acc87f-a7a8-42f2-9501-5b5cac7e4322
Car Park Rental - Tariq Khamis,557066100,5 reviews,2.6,Parking lot in Dubai,7 38a St - Deira - Dubai,,,,,25.263690699999998,55.293704299999995,,,,,car_park_rental_tariq_khamis.png,C:\ProgramData\GMAPExtractor\temp\fe7e497f-89c8-46d8-a5c8-ba06a9b8ad3c
Top Golf Parking,,11 reviews,4.8,Parking lot in Dubai,35J6+M97 - Unnamed Road - Emirates Hills 2 - Dubai,,,,,25.2664527,55.294733699999995,,,,,Top_Golf_Parking.png,C:\ProgramData\GMAPExtractor\temp\48ddcf6f-aced-4478-9fdf-dbca71f68dc1
16th St Parking,,,,,776Q+MFX - 16th St - Al Fahidi - Dubai,,,,,25.2697644,55.3068193,,,,,16th_St_Parking.png,C:\ProgramData\GMAPExtractor\temp\18c81e65-10bd-42eb-9a6b-abeafd675bb7
RTA parking,,2 reviews,3.0,Public parking space in Dubai,78H4+2VH - Deira - Al Murar - Dubai,,,,,25.277559,55.3072239,,,,,RTA_parking.png,C:\ProgramData\GMAPExtractor\temp\97d09d4a-4d7e-4ed9-858c-837865d49628
RTA PARKING AREA ZONE-364D,,,,,564H+PX2 - Al Quoz - Dubai,,,,,25.1567617,55.22990120000001,,,,,RTA_PARKING_AREA_ZONE-364D.png,C:\ProgramData\GMAPExtractor\temp\76c007f0-9903-450f-825b-bfae1f5a51a2
319D parking,46051414,1 review,5.0,Parking lot in Dubai,156 4th St - Oud Metha - Dubai,,,,,25.2348222,55.3086008,,,,,319D_parking.png,C:\ProgramData\GMAPExtractor\temp\8beacbfc-2bd6-45fa-994b-9678c94273e3
Al Satwa Parking,,12 reviews,4.0,Parking lot in Dubai,222 Al Satwa Rd - Dubai,,,,,25.231594599999998,55.2766984,,,,,Al_Satwa_Parking.png,C:\ProgramData\GMAPExtractor\temp\8f54d13a-8348-450c-8b85-4ba2e503b3bd
Entrance to the Parking for Honeywell Employees and Visitors,,1 review,5.0,Parking lot in Dubai,35W9+7CG - Unnamed Road - Dubai,,,,,25.2662482,55.2955044,,,,,Entrance_Parking_Honeywell.png,C:\ProgramData\GMAPExtractor\temp\eb6a0b84-6f4b-4474-a254-abcfebf90e1f
Bike parking,,,,,24XM+PC8 - Jebel Ali Village - Discovery Gardens - Dubai,,,,,25.2384575,55.3034069,,,,,bike_parking.png,
Free bikes parking space,,,,,456W+86F - Al Barsha - Al Barsha 1 - Dubai,,,,,25.2661645,55.294643099999995,,,,,free_bikes_parking_space.png,
Valtrans Transportation Systems and Services,80082587267,490 reviews,4.6,Valet parking service in Dubai,"FLOOR 27, SUITE 2701 HDS TOWER JUMEIRAH LAKE TOWER - Sheikh Zayed Rd - Dubai",http://www.valtrans.com/,,,,25.0956804,55.168589499999996,,https://www.facebook.com/valtrans/,https://www.linkedin.com/company/valtrans-transportation-systems-&-services,,Valtrans_Transportation_Systems_and_Services.png,C:\ProgramData\GMAPExtractor\temp\5152bf5d-131d-4722-b91c-7a471c73bdbc
C Public Car Parking,,,,,X587+78W - Dubai,,,,,25.0491574,55.1334963,,,,,C_Public_Car_Parking.png,C:\ProgramData\GMAPExtractor\temp\4ff1ed28-779e-410d-91ce-70608d90881c
Jumeirah Golf Estate Parking,,3 reviews,4.3,Parking lot in Dubai,25CX+PM8 - Unnamed Road - Dubai - Dubai,,,,,25.2666991,55.2930861,,,,,Jumeirah_Golf_Estate_Parking.png,C:\ProgramData\GMAPExtractor\temp\4bb1a7e5-325e-4f37-bf2d-1900006ee24d
Private Parking (paid),,,,,238 Naif Rd - Naif - Dubai,,,,,25.2755725,55.312255099999994,,,,,private_parking_paid.png,C:\ProgramData\GMAPExtractor\temp\7e7de07e-e2c9-4909-99b6-8dc74ad71ead
MANGO parking,,,,,25QP+6H4 - Dubai Production City - Dubai,,,,,25.2345071,55.310491899999995,,,,,MANGO_parking.png,C:\ProgramData\GMAPExtractor\temp\67f421f8-77ef-458a-b3dc-e2dc8f52188e
kalam sk,,,,,Zee Tower - Al Sufouh - Al Sufouh 2 - Dubai,,,,,25.03801,55.186456,,,,,kalam_sk.png,C:\ProgramData\GMAPExtractor\temp\72db7c59-f16d-40a1-bf7d-fde6eacac974
Bike parking UP,,,,,26WH+8P9 - Motor City - Business Park Motor City - Dubai,,,,,25.1018682,55.1678528,,,,,Bike_parking_UP.png,C:\ProgramData\GMAPExtractor\temp\cf7c53e6-865e-4e3c-961a-6d322f78d12b
RTA Parking Entrance (basment level),,,,,Dubai Media City Car Park - Al Sufouh - Dubai Media City - Dubai,,,,,25.2751387,55.300469199999995,,,,,RTA_Parking_Entrance_basement_level.png,
Nawroz sayed car parking llc,555056533,,,,18 11B Street - Deira - Al Ras - Dubai,,,,,25.045783500000002,55.2293448,,,,,nawroz_sayed_car_parking_llc.png,C:\ProgramData\GMAPExtractor\temp\1f76655f-519c-4c57-9666-e57485908d15
Parking Space,,,,,24WM+96G - Jebel Ali Village - Discovery Gardens - Dubai,,,,,25.094906599999998,55.155445199999996,,,,,Parking_Space.png,
Parking slot,,,,,17 3B St - Al Mankhool - Dubai,,,,,25.2672021,55.2954635,,,,,parking_slot.png,C:\ProgramData\GMAPExtractor\temp\4cfa3e11-5848-4cdb-b3f9-ac54d379493f
84 12b St Parking,42844444,,,,84 12B St - Al Hamriya - Dubai,,,,,25.234826899999998,55.2798026,,,,,84_12b_St_Parking.png,C:\ProgramData\GMAPExtractor\temp\691a5fcd-33b7-4c61-9804-21dcd3600c79
DIC Metro Station Cylce parking,,2 reviews,4.5,Parking lot for bicycles in Dubai,452F+2CP Metro Station Exit One - Dubai Internet City - Barsha Heights - Dubai,,,,,25.0459423,55.1330799,,,,,DIC_Metro_Station_Cycle_Parking.png,C:\ProgramData\GMAPExtractor\temp\8707fe23-d095-449e-b9e6-65fab980ecf2
parking slot rta,,,,,7832+749 - Unnamed Road - Dubai,,,,,25.003445799999998,55.2851739,,,,,parking_slot_rta.png,C:\ProgramData\GMAPExtractor\temp\1e4e6824-c3e7-4d82-9d06-dae26d1a6372
Parking RTA near Middlesex University,,,,,4538+77H - Al Sufouh - Al Sufouh 2 - Dubai,,,,,25.255073799999998,55.3003314,,,,,Parking_RTA_Middlesex_University.png,C:\ProgramData\GMAPExtractor\temp\df8fb78e-4492-4eda-b35c-ae7323d38cfe
Mini cooper garage,544762582,1 review,5.0,Parking garage in Dubai,46CH+HP6 - Al Quoz - Al Quoz Industrial Area 4 - Dubai,,,,,25.1214025,55.2292787,,,,,mini_cooper_garage.png,C:\ProgramData\GMAPExtractor\temp\f03ad995-56f3-44d6-a97d-90a22326bd5d
Mamzar beach parking,,2 reviews,5.0,Parking lot in Dubai,673C+W8M - Dubai,,,,,25.2048493,55.2707828,,,,,mamzar_beach_parking.png,C:\ProgramData\GMAPExtractor\temp\beec5872-5521-41d8-b08c-880fe5a56898
Bu Teez Parking 2,,,,,67QH+69R - Al Hudaiba - Dubai,,,,,25.2381979,55.278619199999994,,,,,Bu_Teez_Parking_2.png,C:\ProgramData\GMAPExtractor\temp\61488874-39f0-4d44-8141-80c8b468ed44
RTA PUBLIC Parking,8009090,135 reviews,4.1,Parking lot in Dubai,6 Al Burj St - Deira - Dubai,http://www.rta.ae/,,,,25.2697696,55.303912499999996,,,,,RTA_PUBLIC_Parking.png,C:\ProgramData\GMAPExtractor\temp\1dc331d1-78dd-4469-aa9b-6b30b35d0298
The Square @ISD Parking,,8 reviews,3.3,Parking lot in Dubai,26QF+78 - Dubai Sports City - Dubai,http://www.thesquaredubai.com/,,,,25.0382145,55.223311499999994,,,,,The_Square_ISD_Parking.png,C:\ProgramData\GMAPExtractor\temp\78791da7-a7bf-4b76-b752-5c0d1994d29d
Nakheel Mall,8006254335,,,Shopping mall in Dubai,Center of Palm Jumeirah - Dubai,https://www.nakheelmall.ae/en?utm_source=GMBlisting&utm_medium=organic&utm_campaign=gmb,,,Monday 10 AM–10 PM Tuesday 10 AM–10 PM Wednesday 10 AM–10 PM Thursday 10 AM–10 PM Friday 10 AM–12 AM Saturday 10 AM–12 AM Sunday 10 AM–12 AM,25.114581500000003,55.1396246,https://www.instagram.com/nakheelmallpalm/,,,,nakheel_mall.png,C:\ProgramData\GMAPExtractor\temp\5f74113f-c2a1-4496-a6e9-d1051c6e1c24
Tradecentre parking,,5 reviews,3.4,Parking lot in Dubai,Happiness Street Parking - Za'abeel - Za'abeel 2 - Dubai,,,,,25.2209748,55.2898989,,,,,tradecentre_parking.png,C:\ProgramData\GMAPExtractor\temp\32ee11c2-daf0-4962-8cc7-b2e8e24dba30
Aramex Al Barsha Mobile Outlet,600544000,118 reviews,2.3,Logistics service in Dubai,car parking - Al wasl - Al Barsha Rd - next to citymax hotel - Dubai,https://www.aramex.com/ae/en,,,Monday 10 AM–7 PM Tuesday 10 AM–7 PM Wednesday 10 AM–7 PM Thursday 10 AM–7 PM Friday 10 AM–7 PM Saturday 10 AM–7 PM Sunday 10 AM–6 PM,25.1157316,55.203824600000004,,,,,Aramex_Al_Barsha_Mobile_Outlet.png,C:\ProgramData\GMAPExtractor\temp\ec03dfff-a40c-494b-b5fd-81d50b31e41b
Sunset Beach,,,,Park in Dubai,56MF+VQ2 - Jumeirah - Jumeirah 3 - Dubai,,,,Monday Open 24 hours Tuesday Open 24 hours Wednesday Open 24 hours Thursday Open 24 hours Friday Open 24 hours Saturday Open 24 hours Sunday Open 24 hours,25.1846255,55.224388,,,,,sunset_beach.png,C:\ProgramData\GMAPExtractor\temp\df95e4b7-418a-47d1-adb6-ff489e03151b
The Beach • JBR,45905090,,,Shopping mall in Dubai,The Beach - Jumeirah Beach Residence - Dubai,https://thebeach.ae/en/,,,Monday 10 AM–12 AM Tuesday 10 AM–12 AM Wednesday 10 AM–12 AM Thursday 10 AM–12 AM Friday 10 AM–1 AM Saturday 10 AM–1 AM Sunday 10 AM–12 AM,25.075867,55.1313317,https://www.instagram.com/thebeachdubai/,https://www.facebook.com/TheBeachDubai/,,,The_Beach_JBR.png,C:\ProgramData\GMAPExtractor\temp\4be189d9-4e16-472f-949a-082398274162
eZhire Technologies - Car Rental Dubai,42472909,,,Car rental agency in Dubai,Liwa Heights - 3001-3002 - Cluster W - Jumeirah Lake Towers - Dubai,https://www.ezhire.ae/,,,,25.0770612,55.1503824,,https://www.facebook.com/ezhire.ae/,https://www.linkedin.com/company/ezhire/,,eZhire-Technologies-Car-Rental-Dubai.png,C:\ProgramData\GMAPExtractor\temp\9d9e3b30-2395-4df3-bb22-0fcae9eb8f29
Aramex,600544000,423 reviews,2.7,Logistics service in Dubai,"Ground Floor, Mall of The Emirates - Sheikh Zayed Rd - near parking area C - Al Barsha - Al Barsha 1 - Dubai",https://www.aramex.com/ae/en,,,Monday 10 AM–10 PM Tuesday 10 AM–10 PM Wednesday 10 AM–10 PM Thursday 10 AM–10 PM Friday 10 AM–10 PM Saturday 10 AM–10 PM Sunday 10 AM–10 PM,25.118120299999998,55.2005828,,,,,Aramex.png,C:\ProgramData\GMAPExtractor\temp\839f244d-7794-4c78-ae1f-509c0852d2ab
RTA Customer Happiness Center - Al Manara,8009090,,,Kiosk in Dubai,"Dubai Municipality, Al Manara Center, Sheikh Zayed Rd Near Noor Bank Metro Station - Al Safa 2 - Dubai",https://www.rta.ae/,,,Monday 8 AM–7:30 PM Tuesday 8 AM–7:30 PM Wednesday 8 AM–7:30 PM Thursday 8 AM–7:30 PM Friday 8 AM–12 PM Saturday Closed Sunday Closed,25.156496999999998,55.2272883,,,,,RTA_Customer_Happiness_Center_Al_Manara.png,C:\ProgramData\GMAPExtractor\temp\3a6301ab-8635-4244-8ae3-aff0f636bf21
Aramex Locker,600544000,51 reviews,3.0,Logistics service in Dubai,"Motor City, Fox Hill Building 2 inside the ground level car parking near Starbucks Coffee, RAK Bank ATM and Spinneys - Dubai",https://www.aramex.com/ae/en,,,Monday Open 24 hours Tuesday Open 24 hours Wednesday Open 24 hours Thursday Open 24 hours Friday Open 24 hours Saturday Open 24 hours Sunday Open 24 hours,25.04637,55.24263,,,,,Aramex_Locker.png,C:\ProgramData\GMAPExtractor\temp\5269dc05-4636-415b-90de-8e1aa21c09f7
,,,,,,,,,,,,,,,,,
,,,,,,,,,,,,,,,,,
,,,,,,,,,,,,,,,,,
,,,,,,,,,,,,,,,,,
,,,,,,,,,,,,,,,,,
,,,,,,,,,,,,,,,,,
,,,,,,,,,,,,,,,,,
,,,,,,,,,,,,,,,,,
,,,,,,,,,,,,,,,,,
,,,,,,,,,,,,,,,,,
,,,,,,,,,,,,,,,,,
,,,,,,,,,,,,,,,,,
,,,,,,,,,,,,,,,,,
,,,,,,,,,,,,,,,,,
,,,,,,,,,,,,,,,,,
,,,,,,,,,,,,,,,,,
,,,,,,,,,,,,,,,,,
,,,,,,,,,,,,,,,,,
,,,,,,,,,,,,,,,,,
,,,,,,,,,,,,,,,,,
,,,,,,,,,,,,,,,,,
,,,,,,,,,,,,,,,,,
,,,,,,,,,,,,,,,,,
,,,,,,,,,,,,,,,,,
,,,,,,,,,,,,,,,,,
,,,,,,,,,,,,,,,,,
,,,,,,,,,,,,,,,,,
,,,,,,,,,,,,,,,,,
,,,,,,,,,,,,,,,,,
,,,,,,,,,,,,,,,,,
,,,,,,,,,,,,,,,,,
,,,,,,,,,,,,,,,,,
,,,,,,,,,,,,,,,,,
,,,,,,,,,,,,,,,,,
,,,,,,,,,,,,,,,,,
,,,,,,,,,,,,,,,,,
,,,,,,,,,,,,,,,,,
,,,,,,,,,,,,,,,,,
,,,,,,,,,,,,,,,,,
,,,,,,,,,,,,,,,,,
,,,,,,,,,,,,,,,,,
,,,,,,,,,,,,,,,,,
,,,,,,,,,,,,,,,,,
,,,,,,,,,,,,,,,,,
,,,,,,,,,,,,,,,,,
,,,,,,,,,,,,,,,,,
,,,,,,,,,,,,,,,,,
,,,,,,,,,,,,,,,,,
,,,,,,,,,,,,,,,,,
,,,,,,,,,,,,,,,,,
,,,,,,,,,,,,,,,,,
,,,,,,,,,,,,,,,,,
,,,,,,,,,,,,,,,,,
,,,,,,,,,,,,,,,,,
,,,,,,,,,,,,,,,,,
,,,,,,,,,,,,,,,,,
,,,,,,,,,,,,,,,,,
,,,,,,,,,,,,,,,,,
,,,,,,,,,,,,,,,,,
,,,,,,,,,,,,,,,,,
,,,,,,,,,,,,,,,,,
,,,,,,,,,,,,,,,,,
,,,,,,,,,,,,,,,,,
,,,,,,,,,,,,,,,,,
,,,,,,,,,,,,,,,,,
,,,,,,,,,,,,,,,,,
,,,,,,,,,,,,,,,,,
,,,,,,,,,,,,,,,,,
,,,,,,,,,,,,,,,,,
,,,,,,,,,,,,,,,,,
,,,,,,,,,,,,,,,,,
,,,,,,,,,,,,,,,,,
,,,,,,,,,,,,,,,,,
,,,,,,,,,,,,,,,,,
,,,,,,,,,,,,,,,,,
,,,,,,,,,,,,,,,,,
,,,,,,,,,,,,,,,,,
,,,,,,,,,,,,,,,,,
,,,,,,,,,,,,,,,,,
,,,,,,,,,,,,,,,,,
,,,,,,,,,,,,,,,,,
,,,,,,,,,,,,,,,,,
,,,,,,,,,,,,,,,,,
,,,,,,,,,,,,,,,,,
,,,,,,,,,,,,,,,,,
,,,,,,,,,,,,,,,,,
,,,,,,,,,,,,,,,,,
,,,,,,,,,,,,,,,,,
,,,,,,,,,,,,,,,,,
,,,,,,,,,,,,,,,,,
,,,,,,,,,,,,,,,,,
,,,,,,,,,,,,,,,,,
,,,,,,,,,,,,,,,,,
,,,,,,,,,,,,,,,,,
,,,,,,,,,,,,,,,,,
,,,,,,,,,,,,,,,,,
,,,,,,,,,,,,,,,,,
,,,,,,,,,,,,,,,,,
,,,,,,,,,,,,,,,,,
,,,,,,,,,,,,,,,,,
,,,,,,,,,,,,,,,,,
,,,,,,,,,,,,,,,,,
,,,,,,,,,,,,,,,,,
,,,,,,,,,,,,,,,,,
,,,,,,,,,,,,,,,,,
,,,,,,,,,,,,,,,,,
,,,,,,,,,,,,,,,,,
,,,,,,,,,,,,,,,,,
,,,,,,,,,,,,,,,,,
,,,,,,,,,,,,,,,,,
,,,,,,,,,,,,,,,,,
,,,,,,,,,,,,,,,,,
,,,,,,,,,,,,,,,,,
,,,,,,,,,,,,,,,,,
,,,,,,,,,,,,,,,,,
,,,,,,,,,,,,,,,,,
,,,,,,,,,,,,,,,,,
,,,,,,,,,,,,,,,,,
,,,,,,,,,,,,,,,,,
,,,,,,,,,,,,,,,,,
,,,,,,,,,,,,,,,,,
,,,,,,,,,,,,,,,,,
,,,,,,,,,,,,,,,,,
,,,,,,,,,,,,,,,,,
,,,,,,,,,,,,,,,,,
,,,,,,,,,,,,,,,,,
,,,,,,,,,,,,,,,,,
,,,,,,,,,,,,,,,,,
,,,,,,,,,,,,,,,,,
,,,,,,,,,,,,,,,,,
,,,,,,,,,,,,,,,,,
,,,,,,,,,,,,,,,,,
,,,,,,,,,,,,,,,,,
,,,,,,,,,,,,,,,,,
,,,,,,,,,,,,,,,,,
,,,,,,,,,,,,,,,,,
,,,,,,,,,,,,,,,,,
,,,,,,,,,,,,,,,,,
,,,,,,,,,,,,,,,,,
,,,,,,,,,,,,,,,,,
,,,,,,,,,,,,,,,,,
,,,,,,,,,,,,,,,,,
,,,,,,,,,,,,,,,,,
,,,,,,,,,,,,,,,,,
,,,,,,,,,,,,,,,,,
,,,,,,,,,,,,,,,,,
,,,,,,,,,,,,,,,,,
,,,,,,,,,,,,,,,,,
,,,,,,,,,,,,,,,,,
,,,,,,,,,,,,,,,,,
,,,,,,,,,,,,,,,,,
,,,,,,,,,,,,,,,,,
,,,,,,,,,,,,,,,,,
,,,,,,,,,,,,,,,,,
,,,,,,,,,,,,,,,,,
,,,,,,,,,,,,,,,,,
,,,,,,,,,,,,,,,,,
,,,,,,,,,,,,,,,,,
,,,,,,,,,,,,,,,,,
,,,,,,,,,,,,,,,,,
,,,,,,,,,,,,,,,,,
,,,,,,,,,,,,,,,,,
,,,,,,,,,,,,,,,,,
,,,,,,,,,,,,,,,,,
,,,,,,,,,,,,,,,,,
,,,,,,,,,,,,,,,,,
,,,,,,,,,,,,,,,,,
,,,,,,,,,,,,,,,,,
,,,,,,,,,,,,,,,,,
,,,,,,,,,,,,,,,,,
,,,,,,,,,,,,,,,,,
,,,,,,,,,,,,,,,,,
,,,,,,,,,,,,,,,,,
,,,,,,,,,,,,,,,,,
,,,,,,,,,,,,,,,,,
,,,,,,,,,,,,,,,,,
,,,,,,,,,,,,,,,,,
,,,,,,,,,,,,,,,,,
,,,,,,,,,,,,,,,,,
,,,,,,,,,,,,,,,,,
,,,,,,,,,,,,,,,,,
,,,,,,,,,,,,,,,,,
,,,,,,,,,,,,,,,,,
,,,,,,,,,,,,,,,,,
,,,,,,,,,,,,,,,,,
,,,,,,,,,,,,,,,,,
,,,,,,,,,,,,,,,,,
,,,,,,,,,,,,,,,,,
,,,,,,,,,,,,,,,,,
,,,,,,,,,,,,,,,,,
,,,,,,,,,,,,,,,,,
,,,,,,,,,,,,,,,,,
,,,,,,,,,,,,,,,,,
,,,,,,,,,,,,,,,,,
,,,,,,,,,,,,,,,,,
,,,,,,,,,,,,,,,,,
,,,,,,,,,,,,,,,,,
,,,,,,,,,,,,,,,,,
,,,,,,,,,,,,,,,,,
,,,,,,,,,,,,,,,,,
,,,,,,,,,,,,,,,,,
,,,,,,,,,,,,,,,,,
,,,,,,,,,,,,,,,,,
,,,,,,,,,,,,,,,,,
,,,,,,,,,,,,,,,,,
,,,,,,,,,,,,,,,,,
,,,,,,,,,,,,,,,,,
,,,,,,,,,,,,,,,,,
,,,,,,,,,,,,,,,,,
,,,,,,,,,,,,,,,,,
,,,,,,,,,,,,,,,,,
,,,,,,,,,,,,,,,,,
,,,,,,,,,,,,,,,,,
,,,,,,,,,,,,,,,,,
,,,,,,,,,,,,,,,,,
,,,,,,,,,,,,,,,,,
,,,,,,,,,,,,,,,,,
,,,,,,,,,,,,,,,,,
,,,,,,,,,,,,,,,,,
,,,,,,,,,,,,,,,,,
,,,,,,,,,,,,,,,,,
,,,,,,,,,,,,,,,,,
,,,,,,,,,,,,,,,,,
,,,,,,,,,,,,,,,,,
,,,,,,,,,,,,,,,,,
,,,,,,,,,,,,,,,,,
,,,,,,,,,,,,,,,,,
,,,,,,,,,,,,,,,,,
,,,,,,,,,,,,,,,,,
,,,,,,,,,,,,,,,,,
,,,,,,,,,,,,,,,,,
,,,,,,,,,,,,,,,,,
,,,,,,,,,,,,,,,,,
,,,,,,,,,,,,,,,,,
,,,,,,,,,,,,,,,,,
,,,,,,,,,,,,,,,,,
,,,,,,,,,,,,,,,,,
,,,,,,,,,,,,,,,,,
,,,,,,,,,,,,,,,,,
,,,,,,,,,,,,,,,,,
,,,,,,,,,,,,,,,,,
,,,,,,,,,,,,,,,,,
,,,,,,,,,,,,,,,,,
,,,,,,,,,,,,,,,,,
,,,,,,,,,,,,,,,,,
,,,,,,,,,,,,,,,,,
,,,,,,,,,,,,,,,,,
,,,,,,,,,,,,,,,,,
,,,,,,,,,,,,,,,,,
,,,,,,,,,,,,,,,,,
,,,,,,,,,,,,,,,,,
,,,,,,,,,,,,,,,,,
,,,,,,,,,,,,,,,,,
,,,,,,,,,,,,,,,,,
,,,,,,,,,,,,,,,,,
,,,,,,,,,,,,,,,,,
,,,,,,,,,,,,,,,,,
,,,,,,,,,,,,,,,,,
,,,,,,,,,,,,,,,,,
,,,,,,,,,,,,,,,,,
,,,,,,,,,,,,,,,,,
,,,,,,,,,,,,,,,,,
,,,,,,,,,,,,,,,,,
,,,,,,,,,,,,,,,,,
,,,,,,,,,,,,,,,,,
,,,,,,,,,,,,,,,,,
,,,,,,,,,,,,,,,,,
,,,,,,,,,,,,,,,,,
,,,,,,,,,,,,,,,,,
,,,,,,,,,,,,,,,,,
,,,,,,,,,,,,,,,,,
,,,,,,,,,,,,,,,,,
,,,,,,,,,,,,,,,,,
,,,,,,,,,,,,,,,,,
,,,,,,,,,,,,,,,,,
,,,,,,,,,,,,,,,,,
,,,,,,,,,,,,,,,,,
,,,,,,,,,,,,,,,,,
,,,,,,,,,,,,,,,,,
,,,,,,,,,,,,,,,,,
,,,,,,,,,,,,,,,,,
,,,,,,,,,,,,,,,,,
,,,,,,,,,,,,,,,,,
,,,,,,,,,,,,,,,,,
,,,,,,,,,,,,,,,,,
,,,,,,,,,,,,,,,,,
,,,,,,,,,,,,,,,,,
,,,,,,,,,,,,,,,,,
,,,,,,,,,,,,,,,,,
,,,,,,,,,,,,,,,,,
,,,,,,,,,,,,,,,,,
,,,,,,,,,,,,,,,,,
,,,,,,,,,,,,,,,,,
,,,,,,,,,,,,,,,,,
,,,,,,,,,,,,,,,,,
,,,,,,,,,,,,,,,,,
,,,,,,,,,,,,,,,,,
,,,,,,,,,,,,,,,,,
,,,,,,,,,,,,,,,,,
,,,,,,,,,,,,,,,,,
,,,,,,,,,,,,,,,,,
,,,,,,,,,,,,,,,,,
,,,,,,,,,,,,,,,,,
,,,,,,,,,,,,,,,,,
,,,,,,,,,,,,,,,,,
,,,,,,,,,,,,,,,,,
,,,,,,,,,,,,,,,,,
,,,,,,,,,,,,,,,,,
,,,,,,,,,,,,,,,,,
,,,,,,,,,,,,,,,,,
,,,,,,,,,,,,,,,,,
,,,,,,,,,,,,,,,,,
,,,,,,,,,,,,,,,,,
,,,,,,,,,,,,,,,,,
,,,,,,,,,,,,,,,,,
,,,,,,,,,,,,,,,,,
,,,,,,,,,,,,,,,,,
,,,,,,,,,,,,,,,,,
,,,,,,,,,,,,,,,,,
,,,,,,,,,,,,,,,,,
,,,,,,,,,,,,,,,,,
,,,,,,,,,,,,,,,,,
,,,,,,,,,,,,,,,,,
,,,,,,,,,,,,,,,,,
,,,,,,,,,,,,,,,,,
,,,,,,,,,,,,,,,,,
,,,,,,,,,,,,,,,,,
,,,,,,,,,,,,,,,,,
,,,,,,,,,,,,,,,,,
,,,,,,,,,,,,,,,,,
,,,,,,,,,,,,,,,,,
,,,,,,,,,,,,,,,,,
,,,,,,,,,,,,,,,,,
,,,,,,,,,,,,,,,,,
,,,,,,,,,,,,,,,,,
,,,,,,,,,,,,,,,,,
,,,,,,,,,,,,,,,,,
,,,,,,,,,,,,,,,,,
,,,,,,,,,,,,,,,,,
,,,,,,,,,,,,,,,,,
,,,,,,,,,,,,,,,,,
,,,,,,,,,,,,,,,,,
,,,,,,,,,,,,,,,,,
,,,,,,,,,,,,,,,,,
,,,,,,,,,,,,,,,,,
,,,,,,,,,,,,,,,,,
,,,,,,,,,,,,,,,,,
,,,,,,,,,,,,,,,,,
,,,,,,,,,,,,,,,,,
,,,,,,,,,,,,,,,,,
,,,,,,,,,,,,,,,,,
,,,,,,,,,,,,,,,,,
,,,,,,,,,,,,,,,,,
,,,,,,,,,,,,,,,,,
,,,,,,,,,,,,,,,,,
,,,,,,,,,,,,,,,,,
,,,,,,,,,,,,,,,,,
,,,,,,,,,,,,,,,,,
,,,,,,,,,,,,,,,,,
,,,,,,,,,,,,,,,,,
,,,,,,,,,,,,,,,,,
,,,,,,,,,,,,,,,,,
,,,,,,,,,,,,,,,,,
,,,,,,,,,,,,,,,,,
,,,,,,,,,,,,,,,,,
,,,,,,,,,,,,,,,,,
,,,,,,,,,,,,,,,,,
,,,,,,,,,,,,,,,,,
,,,,,,,,,,,,,,,,,
,,,,,,,,,,,,,,,,,
,,,,,,,,,,,,,,,,,
,,,,,,,,,,,,,,,,,
,,,,,,,,,,,,,,,,,
,,,,,,,,,,,,,,,,,
,,,,,,,,,,,,,,,,,
,,,,,,,,,,,,,,,,,
,,,,,,,,,,,,,,,,,
,,,,,,,,,,,,,,,,,
,,,,,,,,,,,,,,,,,
,,,,,,,,,,,,,,,,,
,,,,,,,,,,,,,,,,,
,,,,,,,,,,,,,,,,,
,,,,,,,,,,,,,,,,,
,,,,,,,,,,,,,,,,,
,,,,,,,,,,,,,,,,,
,,,,,,,,,,,,,,,,,
,,,,,,,,,,,,,,,,,
,,,,,,,,,,,,,,,,,
,,,,,,,,,,,,,,,,,
,,,,,,,,,,,,,,,,,
,,,,,,,,,,,,,,,,,
,,,,,,,,,,,,,,,,,
,,,,,,,,,,,,,,,,,
,,,,,,,,,,,,,,,,,
,,,,,,,,,,,,,,,,,
,,,,,,,,,,,,,,,,,
,,,,,,,,,,,,,,,,,
,,,,,,,,,,,,,,,,,
,,,,,,,,,,,,,,,,,
,,,,,,,,,,,,,,,,,
,,,,,,,,,,,,,,,,,
,,,,,,,,,,,,,,,,,
,,,,,,,,,,,,,,,,,
,,,,,,,,,,,,,,,,,
,,,,,,,,,,,,,,,,,
,,,,,,,,,,,,,,,,,
,,,,,,,,,,,,,,,,,
,,,,,,,,,,,,,,,,,
,,,,,,,,,,,,,,,,,
,,,,,,,,,,,,,,,,,
,,,,,,,,,,,,,,,,,
,,,,,,,,,,,,,,,,,
,,,,,,,,,,,,,,,,,
,,,,,,,,,,,,,,,,,
,,,,,,,,,,,,,,,,,
,,,,,,,,,,,,,,,,,
,,,,,,,,,,,,,,,,,
,,,,,,,,,,,,,,,,,
,,,,,,,,,,,,,,,,,
,,,,,,,,,,,,,,,,,
,,,,,,,,,,,,,,,,,
,,,,,,,,,,,,,,,,,
,,,,,,,,,,,,,,,,,
,,,,,,,,,,,,,,,,,
,,,,,,,,,,,,,,,,,
,,,,,,,,,,,,,,,,,
,,,,,,,,,,,,,,,,,
,,,,,,,,,,,,,,,,,
,,,,,,,,,,,,,,,,,
,,,,,,,,,,,,,,,,,
,,,,,,,,,,,,,,,,,
,,,,,,,,,,,,,,,,,
,,,,,,,,,,,,,,,,,
,,,,,,,,,,,,,,,,,
,,,,,,,,,,,,,,,,,
,,,,,,,,,,,,,,,,,
,,,,,,,,,,,,,,,,,
,,,,,,,,,,,,,,,,,
,,,,,,,,,,,,,,,,,
,,,,,,,,,,,,,,,,,
,,,,,,,,,,,,,,,,,
,,,,,,,,,,,,,,,,,
,,,,,,,,,,,,,,,,,
,,,,,,,,,,,,,,,,,
,,,,,,,,,,,,,,,,,
,,,,,,,,,,,,,,,,,
,,,,,,,,,,,,,,,,,
,,,,,,,,,,,,,,,,,
,,,,,,,,,,,,,,,,,
,,,,,,,,,,,,,,,,,
,,,,,,,,,,,,,,,,,
,,,,,,,,,,,,,,,,,
,,,,,,,,,,,,,,,,,
,,,,,,,,,,,,,,,,,
,,,,,,,,,,,,,,,,,
,,,,,,,,,,,,,,,,,
,,,,,,,,,,,,,,,,,
,,,,,,,,,,,,,,,,,
,,,,,,,,,,,,,,,,,
,,,,,,,,,,,,,,,,,
,,,,,,,,,,,,,,,,,
,,,,,,,,,,,,,,,,,
,,,,,,,,,,,,,,,,,
,,,,,,,,,,,,,,,,,
,,,,,,,,,,,,,,,,,
,,,,,,,,,,,,,,,,,
,,,,,,,,,,,,,,,,,
,,,,,,,,,,,,,,,,,
,,,,,,,,,,,,,,,,,
,,,,,,,,,,,,,,,,,
,,,,,,,,,,,,,,,,,
,,,,,,,,,,,,,,,,,
,,,,,,,,,,,,,,,,,
,,,,,,,,,,,,,,,,,
,,,,,,,,,,,,,,,,,
,,,,,,,,,,,,,,,,,
,,,,,,,,,,,,,,,,,
,,,,,,,,,,,,,,,,,
,,,,,,,,,,,,,,,,,
,,,,,,,,,,,,,,,,,
,,,,,,,,,,,,,,,,,
,,,,,,,,,,,,,,,,,
,,,,,,,,,,,,,,,,,
,,,,,,,,,,,,,,,,,
,,,,,,,,,,,,,,,,,
,,,,,,,,,,,,,,,,,
,,,,,,,,,,,,,,,,,
,,,,,,,,,,,,,,,,,
,,,,,,,,,,,,,,,,,
,,,,,,,,,,,,,,,,,
,,,,,,,,,,,,,,,,,
,,,,,,,,,,,,,,,,,
,,,,,,,,,,,,,,,,,
,,,,,,,,,,,,,,,,,
,,,,,,,,,,,,,,,,,
,,,,,,,,,,,,,,,,,
,,,,,,,,,,,,,,,,,
,,,,,,,,,,,,,,,,,
,,,,,,,,,,,,,,,,,
,,,,,,,,,,,,,,,,,
,,,,,,,,,,,,,,,,,
,,,,,,,,,,,,,,,,,
,,,,,,,,,,,,,,,,,
,,,,,,,,,,,,,,,,,
,,,,,,,,,,,,,,,,,
,,,,,,,,,,,,,,,,,
,,,,,,,,,,,,,,,,,
,,,,,,,,,,,,,,,,,
,,,,,,,,,,,,,,,,,
,,,,,,,,,,,,,,,,,
,,,,,,,,,,,,,,,,,
,,,,,,,,,,,,,,,,,
,,,,,,,,,,,,,,,,,
,,,,,,,,,,,,,,,,,
,,,,,,,,,,,,,,,,,
,,,,,,,,,,,,,,,,,
,,,,,,,,,,,,,,,,,
,,,,,,,,,,,,,,,,,
,,,,,,,,,,,,,,,,,
,,,,,,,,,,,,,,,,,
,,,,,,,,,,,,,,,,,
,,,,,,,,,,,,,,,,,
,,,,,,,,,,,,,,,,,
,,,,,,,,,,,,,,,,,
,,,,,,,,,,,,,,,,,
,,,,,,,,,,,,,,,,,
,,,,,,,,,,,,,,,,,
,,,,,,,,,,,,,,,,,
,,,,,,,,,,,,,,,,,
,,,,,,,,,,,,,,,,,
,,,,,,,,,,,,,,,,,
,,,,,,,,,,,,,,,,,
,,,,,,,,,,,,,,,,,
,,,,,,,,,,,,,,,,,
,,,,,,,,,,,,,,,,,
,,,,,,,,,,,,,,,,,
,,,,,,,,,,,,,,,,,
,,,,,,,,,,,,,,,,,
,,,,,,,,,,,,,,,,,
,,,,,,,,,,,,,,,,,
,,,,,,,,,,,,,,,,,
,,,,,,,,,,,,,,,,,
,,,,,,,,,,,,,,,,,
,,,,,,,,,,,,,,,,,
,,,,,,,,,,,,,,,,,
,,,,,,,,,,,,,,,,,
,,,,,,,,,,,,,,,,,
,,,,,,,,,,,,,,,,,
,,,,,,,,,,,,,,,,,
,,,,,,,,,,,,,,,,,
,,,,,,,,,,,,,,,,,
,,,,,,,,,,,,,,,,,
,,,,,,,,,,,,,,,,,
,,,,,,,,,,,,,,,,,
,,,,,,,,,,,,,,,,,
,,,,,,,,,,,,,,,,,
,,,,,,,,,,,,,,,,,
,,,,,,,,,,,,,,,,,
,,,,,,,,,,,,,,,,,
,,,,,,,,,,,,,,,,,
,,,,,,,,,,,,,,,,,
,,,,,,,,,,,,,,,,,
,,,,,,,,,,,,,,,,,
,,,,,,,,,,,,,,,,,
,,,,,,,,,,,,,,,,,
,,,,,,,,,,,,,,,,,
,,,,,,,,,,,,,,,,,
,,,,,,,,,,,,,,,,,
,,,,,,,,,,,,,,,,,
,,,,,,,,,,,,,,,,,
,,,,,,,,,,,,,,,,,
,,,,,,,,,,,,,,,,,
,,,,,,,,,,,,,,,,,
,,,,,,,,,,,,,,,,,
,,,,,,,,,,,,,,,,,
,,,,,,,,,,,,,,,,,
,,,,,,,,,,,,,,,,,
,,,,,,,,,,,,,,,,,
,,,,,,,,,,,,,,,,,
,,,,,,,,,,,,,,,,,
,,,,,,,,,,,,,,,,,
,,,,,,,,,,,,,,,,,
,,,,,,,,,,,,,,,,,
,,,,,,,,,,,,,,,,,
,,,,,,,,,,,,,,,,,
,,,,,,,,,,,,,,,,,
,,,,,,,,,,,,,,,,,
,,,,,,,,,,,,,,,,,
,,,,,,,,,,,,,,,,,
,,,,,,,,,,,,,,,,,
,,,,,,,,,,,,,,,,,
,,,,,,,,,,,,,,,,,
,,,,,,,,,,,,,,,,,
,,,,,,,,,,,,,,,,,
,,,,,,,,,,,,,,,,,
,,,,,,,,,,,,,,,,,
,,,,,,,,,,,,,,,,,
,,,,,,,,,,,,,,,,,
,,,,,,,,,,,,,,,,,
,,,,,,,,,,,,,,,,,
,,,,,,,,,,,,,,,,,
,,,,,,,,,,,,,,,,,
,,,,,,,,,,,,,,,,,
,,,,,,,,,,,,,,,,,
,,,,,,,,,,,,,,,,,
,,,,,,,,,,,,,,,,,
,,,,,,,,,,,,,,,,,
,,,,,,,,,,,,,,,,,
,,,,,,,,,,,,,,,,,
,,,,,,,,,,,,,,,,,
,,,,,,,,,,,,,,,,,
,,,,,,,,,,,,,,,,,
,,,,,,,,,,,,,,,,,
,,,,,,,,,,,,,,,,,
,,,,,,,,,,,,,,,,,
,,,,,,,,,,,,,,,,,
,,,,,,,,,,,,,,,,,
,,,,,,,,,,,,,,,,,
,,,,,,,,,,,,,,,,,
,,,,,,,,,,,,,,,,,
,,,,,,,,,,,,,,,,,
,,,,,,,,,,,,,,,,,
,,,,,,,,,,,,,,,,,
,,,,,,,,,,,,,,,,,
,,,,,,,,,,,,,,,,,
,,,,,,,,,,,,,,,,,
,,,,,,,,,,,,,,,,,
,,,,,,,,,,,,,,,,,
,,,,,,,,,,,,,,,,,
,,,,,,,,,,,,,,,,,
,,,,,,,,,,,,,,,,,
,,,,,,,,,,,,,,,,,
,,,,,,,,,,,,,,,,,
,,,,,,,,,,,,,,,,,
,,,,,,,,,,,,,,,,,
,,,,,,,,,,,,,,,,,
,,,,,,,,,,,,,,,,,
,,,,,,,,,,,,,,,,,
,,,,,,,,,,,,,,,,,
,,,,,,,,,,,,,,,,,
,,,,,,,,,,,,,,,,,
,,,,,,,,,,,,,,,,,
,,,,,,,,,,,,,,,,,
,,,,,,,,,,,,,,,,,
,,,,,,,,,,,,,,,,,
,,,,,,,,,,,,,,,,,
,,,,,,,,,,,,,,,,,
,,,,,,,,,,,,,,,,,
,,,,,,,,,,,,,,,,,
,,,,,,,,,,,,,,,,,
,,,,,,,,,,,,,,,,,
,,,,,,,,,,,,,,,,,
,,,,,,,,,,,,,,,,,
,,,,,,,,,,,,,,,,,
,,,,,,,,,,,,,,,,,
,,,,,,,,,,,,,,,,,
,,,,,,,,,,,,,,,,,
,,,,,,,,,,,,,,,,,
,,,,,,,,,,,,,,,,,
,,,,,,,,,,,,,,,,,
,,,,,,,,,,,,,,,,,
,,,,,,,,,,,,,,,,,
,,,,,,,,,,,,,,,,,
,,,,,,,,,,,,,,,,,
,,,,,,,,,,,,,,,,,
,,,,,,,,,,,,,,,,,
,,,,,,,,,,,,,,,,,
,,,,,,,,,,,,,,,,,
,,,,,,,,,,,,,,,,,
,,,,,,,,,,,,,,,,,
,,,,,,,,,,,,,,,,,
,,,,,,,,,,,,,,,,,
,,,,,,,,,,,,,,,,,
,,,,,,,,,,,,,,,,,
,,,,,,,,,,,,,,,,,
,,,,,,,,,,,,,,,,,
,,,,,,,,,,,,,,,,,
,,,,,,,,,,,,,,,,,
,,,,,,,,,,,,,,,,,
,,,,,,,,,,,,,,,,,
,,,,,,,,,,,,,,,,,
,,,,,,,,,,,,,,,,,
,,,,,,,,,,,,,,,,,
,,,,,,,,,,,,,,,,,
,,,,,,,,,,,,,,,,,
,,,,,,,,,,,,,,,,,
,,,,,,,,,,,,,,,,,
,,,,,,,,,,,,,,,,,
,,,,,,,,,,,,,,,,,
,,,,,,,,,,,,,,,,,
,,,,,,,,,,,,,,,,,
,,,,,,,,,,,,,,,,,
,,,,,,,,,,,,,,,,,
,,,,,,,,,,,,,,,,,
,,,,,,,,,,,,,,,,,
,,,,,,,,,,,,,,,,,
,,,,,,,,,,,,,,,,,
,,,,,,,,,,,,,,,,,
,,,,,,,,,,,,,,,,,
,,,,,,,,,,,,,,,,,
,,,,,,,,,,,,,,,,,
,,,,,,,,,,,,,,,,,
,,,,,,,,,,,,,,,,,
,,,,,,,,,,,,,,,,,
,,,,,,,,,,,,,,,,,
,,,,,,,,,,,,,,,,,
,,,,,,,,,,,,,,,,,
,,,,,,,,,,,,,,,,,
,,,,,,,,,,,,,,,,,
,,,,,,,,,,,,,,,,,
,,,,,,,,,,,,,,,,,
,,,,,,,,,,,,,,,,,
,,,,,,,,,,,,,,,,,
,,,,,,,,,,,,,,,,,
,,,,,,,,,,,,,,,,,
,,,,,,,,,,,,,,,,,
,,,,,,,,,,,,,,,,,
,,,,,,,,,,,,,,,,,
,,,,,,,,,,,,,,,,,
,,,,,,,,,,,,,,,,,
,,,,,,,,,,,,,,,,,
,,,,,,,,,,,,,,,,,
,,,,,,,,,,,,,,,,,
,,,,,,,,,,,,,,,,,
,,,,,,,,,,,,,,,,,
,,,,,,,,,,,,,,,,,
,,,,,,,,,,,,,,,,,
,,,,,,,,,,,,,,,,,
,,,,,,,,,,,,,,,,,
,,,,,,,,,,,,,,,,,
,,,,,,,,,,,,,,,,,
,,,,,,,,,,,,,,,,,
,,,,,,,,,,,,,,,,,
,,,,,,,,,,,,,,,,,
,,,,,,,,,,,,,,,,,
,,,,,,,,,,,,,,,,,
,,,,,,,,,,,,,,,,,
,,,,,,,,,,,,,,,,,
,,,,,,,,,,,,,,,,,
,,,,,,,,,,,,,,,,,
,,,,,,,,,,,,,,,,,
,,,,,,,,,,,,,,,,,
,,,,,,,,,,,,,,,,,
,,,,,,,,,,,,,,,,,
,,,,,,,,,,,,,,,,,
,,,,,,,,,,,,,,,,,
,,,,,,,,,,,,,,,,,
,,,,,,,,,,,,,,,,,
,,,,,,,,,,,,,,,,,
,,,,,,,,,,,,,,,,,
,,,,,,,,,,,,,,,,,
,,,,,,,,,,,,,,,,,
,,,,,,,,,,,,,,,,,
,,,,,,,,,,,,,,,,,
,,,,,,,,,,,,,,,,,
,,,,,,,,,,,,,,,,,
,,,,,,,,,,,,,,,,,
,,,,,,,,,,,,,,,,,
,,,,,,,,,,,,,,,,,
,,,,,,,,,,,,,,,,,
,,,,,,,,,,,,,,,,,
,,,,,,,,,,,,,,,,,
,,,,,,,,,,,,,,,,,
,,,,,,,,,,,,,,,,,
,,,,,,,,,,,,,,,,,
,,,,,,,,,,,,,,,,,
,,,,,,,,,,,,,,,,,
,,,,,,,,,,,,,,,,,
,,,,,,,,,,,,,,,,,
,,,,,,,,,,,,,,,,,
,,,,,,,,,,,,,,,,,
,,,,,,,,,,,,,,,,,
,,,,,,,,,,,,,,,,,
,,,,,,,,,,,,,,,,,
,,,,,,,,,,,,,,,,,
,,,,,,,,,,,,,,,,,
,,,,,,,,,,,,,,,,,
,,,,,,,,,,,,,,,,,
,,,,,,,,,,,,,,,,,
,,,,,,,,,,,,,,,,,
,,,,,,,,,,,,,,,,,
,,,,,,,,,,,,,,,,,
,,,,,,,,,,,,,,,,,
,,,,,,,,,,,,,,,,,
,,,,,,,,,,,,,,,,,
,,,,,,,,,,,,,,,,,
,,,,,,,,,,,,,,,,,
